-- MySQL dump 10.13  Distrib 8.0.16, for Win64 (x86_64)
--
-- Host: 127.0.0.1    Database: zerli
-- ------------------------------------------------------
-- Server version	8.0.16

/*!40101 SET @OLD_CHARACTER_SET_CLIENT=@@CHARACTER_SET_CLIENT */;
/*!40101 SET @OLD_CHARACTER_SET_RESULTS=@@CHARACTER_SET_RESULTS */;
/*!40101 SET @OLD_COLLATION_CONNECTION=@@COLLATION_CONNECTION */;
 SET NAMES utf8 ;
/*!40103 SET @OLD_TIME_ZONE=@@TIME_ZONE */;
/*!40103 SET TIME_ZONE='+00:00' */;
/*!40014 SET @OLD_UNIQUE_CHECKS=@@UNIQUE_CHECKS, UNIQUE_CHECKS=0 */;
/*!40014 SET @OLD_FOREIGN_KEY_CHECKS=@@FOREIGN_KEY_CHECKS, FOREIGN_KEY_CHECKS=0 */;
/*!40101 SET @OLD_SQL_MODE=@@SQL_MODE, SQL_MODE='NO_AUTO_VALUE_ON_ZERO' */;
/*!40111 SET @OLD_SQL_NOTES=@@SQL_NOTES, SQL_NOTES=0 */;

--
-- Table structure for table `account`
--

DROP TABLE IF EXISTS `account`;
/*!40101 SET @saved_cs_client     = @@character_set_client */;
 SET character_set_client = utf8mb4 ;
CREATE TABLE `account` (
  `id` int(11) NOT NULL AUTO_INCREMENT,
  `balance` double unsigned zerofill DEFAULT '0000000000000000000000',
  `status` enum('CONFIRMED','FROZEN') DEFAULT 'CONFIRMED',
  `card_number` varchar(16) DEFAULT NULL,
  `user_id` int(10) unsigned NOT NULL,
  PRIMARY KEY (`id`),
  UNIQUE KEY `customer_id_UNIQUE` (`user_id`),
  KEY `card_number_idx` (`card_number`),
  CONSTRAINT `card_number` FOREIGN KEY (`card_number`) REFERENCES `creditcards` (`number`) ON DELETE RESTRICT,
  CONSTRAINT `customer_id` FOREIGN KEY (`user_id`) REFERENCES `users` (`id`)
) ENGINE=InnoDB AUTO_INCREMENT=10 DEFAULT CHARSET=utf8mb4 COLLATE=utf8mb4_0900_ai_ci;
/*!40101 SET character_set_client = @saved_cs_client */;

--
-- Dumping data for table `account`
--

LOCK TABLES `account` WRITE;
/*!40000 ALTER TABLE `account` DISABLE KEYS */;
INSERT INTO `account` VALUES (1,0000000000000000000000,'CONFIRMED','4580000000001234',1),(2,0000000000000000000000,'CONFIRMED','4580000000001235',11),(3,0000000000000000000000,'CONFIRMED','4580000000001236',12),(4,0000000000000000000000,'CONFIRMED','4580000000001237',13),(5,0000000000000000000000,'CONFIRMED','4580000000001238',14),(6,0000000000000000000000,'CONFIRMED','4580000000001239',15),(7,0000000000000000000000,'CONFIRMED','4580000000001240',16),(8,0000000000000000000000,'CONFIRMED','4580000000001241',17),(9,0000000000000000000000,'CONFIRMED','4580000000001242',18);
/*!40000 ALTER TABLE `account` ENABLE KEYS */;
UNLOCK TABLES;

--
-- Table structure for table `complaints`
--

DROP TABLE IF EXISTS `complaints`;
/*!40101 SET @saved_cs_client     = @@character_set_client */;
 SET character_set_client = utf8mb4 ;
CREATE TABLE `complaints` (
  `complaint_id` int(11) NOT NULL AUTO_INCREMENT,
  `customer_service_worker_id` int(10) unsigned NOT NULL,
  `account_id` int(11) NOT NULL,
  `content` varchar(200) NOT NULL,
  `status` enum('IN_PROGRESS','CLOSED') DEFAULT 'IN_PROGRESS',
  `date` datetime NOT NULL DEFAULT CURRENT_TIMESTAMP,
  `notification_was_sent` tinyint(4) NOT NULL DEFAULT '0',
  `store_id` int(11) NOT NULL,
  PRIMARY KEY (`complaint_id`),
  KEY `account_id_fk_idx` (`account_id`),
  KEY `customer_service_worker_id_idx` (`customer_service_worker_id`),
  CONSTRAINT `account_id_fk_3` FOREIGN KEY (`account_id`) REFERENCES `account` (`id`) ON DELETE CASCADE
) ENGINE=InnoDB AUTO_INCREMENT=450 DEFAULT CHARSET=utf8mb4 COLLATE=utf8mb4_0900_ai_ci;
/*!40101 SET character_set_client = @saved_cs_client */;

--
-- Dumping data for table `complaints`
--

LOCK TABLES `complaints` WRITE;
/*!40000 ALTER TABLE `complaints` DISABLE KEYS */;
INSERT INTO `complaints` VALUES (1,32,2,'A store worker named Aviv was unfriendly and served us without any purpose or intent! \nVery bad experience shopping in the Haifa branch!','CLOSED','2022-01-06 14:10:03',1,1),(2,32,2,'Bad service.','CLOSED','2022-01-07 14:11:56',1,1),(3,32,3,'No air condition in the store!!','CLOSED','2022-01-07 14:12:24',1,1),(4,32,9,'Aviad was very unkind when prodviding service to us in the store','CLOSED','2022-01-08 14:13:57',1,1),(5,32,2,'Really bad service!','CLOSED','2022-01-09 14:14:14',1,1),(6,4,2,'Really bad service!','IN_PROGRESS','2022-01-10 14:14:14',1,1),(7,4,2,'Really bad service!','CLOSED','2022-01-15 14:14:14',1,1),(8,4,2,'call me ASAP!','CLOSED','2022-01-16 14:14:14',1,1),(9,4,2,'Flowers are not as expected','CLOSED','2022-01-17 14:14:14',1,1),(10,32,2,'The flowers were very ugly!','CLOSED','2022-01-17 14:14:14',1,1),(11,32,5,'Price is too high','CLOSED','2022-01-20 14:14:14',1,1),(12,32,3,'Store worker was very unpleasnt!','CLOSED','2022-01-25 14:14:14',1,1),(13,32,6,'Flowers came in squished!','CLOSED','2022-01-27 14:14:14',1,1),(14,32,4,'Worker had a very bad attitude','CLOSED','2022-02-01 15:10:50',1,1),(15,32,2,'The flowers had bugs in them','CLOSED','2022-03-02 15:11:16',1,1),(16,32,5,'The flower crown was small and too tight around the head.','CLOSED','2022-02-04 14:14:14',1,1),(17,4,6,'The flowers are withered!','CLOSED','2022-03-06 15:12:59',1,1),(18,32,7,'Store had no free parking spots','CLOSED','2022-03-08 15:13:05',1,1),(19,4,7,'The flowers were not to my satisfaction','CLOSED','2022-01-09 14:14:14',1,1),(20,32,3,'The bouqest had loose ends','CLOSED','2022-02-09 14:14:14',1,1),(21,32,8,'Flowers had bugs in them','CLOSED','2022-02-08 14:14:14',1,1),(22,32,8,'Rude store worker ','CLOSED','2022-02-09 14:14:14',1,1),(23,32,9,'Prices were too high for the princess crown','CLOSED','2022-02-15 14:14:14',1,1),(24,32,5,'Omri is the king of the complaints','CLOSED','2022-02-25 14:14:14',1,1),(25,32,8,'Markin wrote great complaint screen window','CLOSED','2022-03-01 14:14:14',1,1),(26,4,7,'Delivery was late','CLOSED','2022-03-20 16:03:54',1,1),(27,4,4,'Bouqet was not satisfying enoguh :/','IN_PROGRESS','2022-06-06 16:07:24',1,2),(28,4,9,'Products are too expensive ??','IN_PROGRESS','2022-06-06 16:08:09',1,2),(29,4,6,'Customer service department are annoying!','IN_PROGRESS','2022-05-31 18:32:04',1,2),(30,4,6,'Customer service department are annoying!','IN_PROGRESS','2022-06-06 16:09:01',1,2),(31,4,6,'Customer service department are annoying!','IN_PROGRESS','2022-06-06 16:09:01',1,2),(32,4,6,'Customer service department are annoying!','IN_PROGRESS','2022-06-06 16:09:01',1,2),(33,4,5,'Customer service department are annoying!','IN_PROGRESS','2022-06-06 16:09:01',1,2),(34,4,6,'Customer service department are annoying!','IN_PROGRESS','2022-06-06 16:09:01',1,2),(35,4,4,'Customer service department are annoying!','IN_PROGRESS','2022-06-06 16:09:01',1,2),(36,4,6,'Customer service department are annoying!','IN_PROGRESS','2022-06-06 16:09:01',1,2),(37,4,6,'Customer service department are annoying!','IN_PROGRESS','2022-06-06 16:09:01',1,2),(38,4,4,'Customer service department are annoying!','IN_PROGRESS','2022-06-06 16:09:01',1,2),(39,4,6,'Customer service department are annoying!','IN_PROGRESS','2022-06-06 16:09:01',1,2),(40,4,5,'Customer service department are annoying!','IN_PROGRESS','2022-06-06 16:09:01',1,2),(41,4,6,'Customer service department are annoying!','IN_PROGRESS','2022-06-06 16:09:01',1,2),(42,4,6,'Customer service department are annoying!','IN_PROGRESS','2022-06-06 16:09:01',1,2),(43,4,4,'Customer service department are annoying!','IN_PROGRESS','2022-06-06 16:09:01',1,2),(44,4,2,'Customer service department are annoying!','IN_PROGRESS','2022-06-06 16:09:01',1,2),(45,4,4,'Customer service department are annoying!','IN_PROGRESS','2022-06-06 16:09:01',1,2),(46,4,6,'Customer service department are annoying!','IN_PROGRESS','2022-06-06 16:09:01',1,2),(47,1,3,'Bad service.','IN_PROGRESS','2022-02-22 14:14:14',1,3),(48,1,5,'The flowers had bugs in them','IN_PROGRESS','2022-06-03 14:14:14',1,3),(49,1,2,'The flower crown was small and too tight around the head.','CLOSED','2022-02-07 14:14:14',1,1),(50,1,6,'Really bad service!','IN_PROGRESS','2022-01-04 14:14:14',1,3),(51,1,7,'The flower crown was small and too tight around the head.','CLOSED','2022-01-05 14:14:14',1,1),(52,2,1,'The bouqest had loose ends','IN_PROGRESS','2022-04-17 14:14:14',1,3),(53,2,5,'Rude store worker','IN_PROGRESS','2022-04-24 14:14:14',1,2),(54,1,2,'The flowers had bugs in them','CLOSED','2022-11-04 14:14:14',1,1),(55,2,6,'Worker had a very bad attitude','CLOSED','2022-06-24 14:14:14',1,1),(56,1,6,'Rude store worker','IN_PROGRESS','2022-11-10 14:14:14',1,3),(57,1,1,'Rude store worker','IN_PROGRESS','2022-06-18 14:14:14',1,2),(58,2,6,'Flowers came in squished!','IN_PROGRESS','2022-01-18 14:14:14',1,2),(59,1,1,'Really bad service!','IN_PROGRESS','2022-05-05 14:14:14',1,2),(60,1,4,'The flowers had bugs in them','CLOSED','2022-04-25 14:14:14',1,1),(61,1,7,'The bouqest had loose ends','IN_PROGRESS','2022-08-18 14:14:14',1,2),(62,1,7,'Worker had a very bad attitude','IN_PROGRESS','2022-01-15 14:14:14',1,2),(63,2,7,'Really bad service!','IN_PROGRESS','2022-03-17 14:14:14',1,2),(64,1,6,'The flower crown was small and too tight around the head.','CLOSED','2022-05-17 14:14:14',1,1),(65,2,7,'The bouqest had loose ends','IN_PROGRESS','2022-05-18 14:14:14',1,3),(66,1,3,'Really bad service!','IN_PROGRESS','2022-12-01 14:14:14',1,2),(67,1,3,'Flowers came in squished!','IN_PROGRESS','2022-11-07 14:14:14',1,2),(68,2,7,'Flowers came in squished!','IN_PROGRESS','2022-11-17 14:14:14',1,2),(69,2,7,'The flower crown was small and too tight around the head.','IN_PROGRESS','2022-01-11 14:14:14',1,3),(70,1,6,'Bad service.','IN_PROGRESS','2022-07-08 14:14:14',1,2),(71,1,5,'Rude store worker','IN_PROGRESS','2022-09-07 14:14:14',1,3),(72,2,1,'The flower crown was small and too tight around the head.','CLOSED','2022-02-05 14:14:14',1,1),(73,2,7,'Really bad service!','IN_PROGRESS','2022-07-27 14:14:14',1,2),(74,1,2,'Flowers came in squished!','CLOSED','2022-05-03 14:14:14',1,1),(75,1,5,'The flower crown was small and too tight around the head.','IN_PROGRESS','2022-10-08 14:14:14',1,3),(76,2,6,'Worker had a very bad attitude','IN_PROGRESS','2022-01-02 14:14:14',1,3),(77,2,2,'Worker had a very bad attitude','CLOSED','2022-10-23 14:14:14',1,1),(78,2,6,'The flower crown was small and too tight around the head.','IN_PROGRESS','2022-06-20 14:14:14',1,3),(79,2,5,'Rude store worker','CLOSED','2022-06-16 14:14:14',1,1),(80,2,7,'Bad service.','IN_PROGRESS','2022-09-01 14:14:14',1,3),(81,1,5,'The flowers had bugs in them','IN_PROGRESS','2022-08-14 14:14:14',1,3),(82,2,1,'The flowers had bugs in them','IN_PROGRESS','2022-05-13 14:14:14',1,2),(83,1,3,'Flowers came in squished!','IN_PROGRESS','2022-07-17 14:14:14',1,2),(84,1,2,'Flowers came in squished!','IN_PROGRESS','2022-08-10 14:14:14',1,2),(85,1,7,'The flower crown was small and too tight around the head.','IN_PROGRESS','2022-01-01 14:14:14',1,2),(86,2,4,'Worker had a very bad attitude','IN_PROGRESS','2022-04-23 14:14:14',1,3),(87,1,5,'The flower crown was small and too tight around the head.','IN_PROGRESS','2022-12-02 14:14:14',1,2),(88,1,1,'Rude store worker','CLOSED','2022-02-13 14:14:14',1,1),(89,1,2,'Flowers came in squished!','IN_PROGRESS','2022-01-22 14:14:14',1,3),(90,1,6,'The flower crown was small and too tight around the head.','CLOSED','2022-09-23 14:14:14',1,1),(91,2,2,'The flower crown was small and too tight around the head.','IN_PROGRESS','2022-06-20 14:14:14',1,3),(92,2,5,'Flowers came in squished!','IN_PROGRESS','2022-03-08 14:14:14',1,3),(93,1,2,'Bad service.','IN_PROGRESS','2022-08-07 14:14:14',1,2),(94,1,7,'The flower crown was small and too tight around the head.','IN_PROGRESS','2022-06-12 14:14:14',1,3),(95,2,7,'The bouqest had loose ends','IN_PROGRESS','2022-11-16 14:14:14',1,2),(96,2,4,'Bad service.','IN_PROGRESS','2022-01-16 14:14:14',1,2),(97,2,3,'Bad service.','IN_PROGRESS','2022-12-05 14:14:14',1,3),(98,1,7,'Really bad service!','CLOSED','2022-11-16 14:14:14',1,1),(99,1,2,'Really bad service!','IN_PROGRESS','2022-08-11 14:14:14',1,2),(100,2,4,'The flower crown was small and too tight around the head.','IN_PROGRESS','2022-08-02 14:14:14',1,2),(101,2,4,'Flowers came in squished!','CLOSED','2022-12-07 14:14:14',1,1),(102,1,3,'Bad service.','IN_PROGRESS','2022-08-20 14:14:14',1,2),(103,2,1,'The flowers had bugs in them','IN_PROGRESS','2022-06-17 14:14:14',1,2),(104,1,5,'The flower crown was small and too tight around the head.','IN_PROGRESS','2022-04-08 14:14:14',1,3),(105,1,3,'Flowers came in squished!','CLOSED','2022-06-27 14:14:14',1,1),(106,1,2,'Worker had a very bad attitude','IN_PROGRESS','2022-04-14 14:14:14',1,2),(107,1,2,'The flower crown was small and too tight around the head.','IN_PROGRESS','2022-08-02 14:14:14',1,2),(108,1,4,'The flower crown was small and too tight around the head.','IN_PROGRESS','2022-10-01 14:14:14',1,3),(109,2,1,'The bouqest had loose ends','IN_PROGRESS','2022-04-14 14:14:14',1,3),(110,1,4,'The flowers had bugs in them','IN_PROGRESS','2022-08-10 14:14:14',1,3),(111,1,1,'Worker had a very bad attitude','IN_PROGRESS','2022-01-27 14:14:14',1,3),(112,1,4,'Rude store worker','CLOSED','2022-12-18 14:14:14',1,1),(113,2,4,'Flowers came in squished!','IN_PROGRESS','2022-02-17 14:14:14',1,3),(114,2,7,'Flowers came in squished!','IN_PROGRESS','2022-03-21 14:14:14',1,1),(115,2,6,'Really bad service!','IN_PROGRESS','2022-04-22 14:14:14',1,3),(116,2,1,'Really bad service!','IN_PROGRESS','2022-12-14 14:14:14',1,1),(117,2,7,'The bouqest had loose ends','IN_PROGRESS','2022-07-20 14:14:14',1,3),(118,2,1,'Bad service.','IN_PROGRESS','2022-05-19 14:14:14',1,3),(119,1,1,'The bouqest had loose ends','IN_PROGRESS','2022-11-11 14:14:14',1,3),(120,2,1,'Flowers came in squished!','IN_PROGRESS','2022-12-09 14:14:14',1,3),(121,1,3,'The bouqest had loose ends','IN_PROGRESS','2022-11-19 14:14:14',1,3),(122,1,7,'The flowers had bugs in them','IN_PROGRESS','2022-01-16 14:14:14',1,1),(123,2,1,'Really bad service!','IN_PROGRESS','2022-03-07 14:14:14',1,3),(124,2,6,'Really bad service!','IN_PROGRESS','2022-09-18 14:14:14',1,3),(125,1,4,'Flowers came in squished!','IN_PROGRESS','2022-03-15 14:14:14',1,1),(126,2,5,'Flowers came in squished!','IN_PROGRESS','2022-01-13 14:14:14',1,3),(127,2,5,'Really bad service!','IN_PROGRESS','2022-06-05 14:14:14',1,3),(128,2,6,'The flower crown was small and too tight around the head.','IN_PROGRESS','2022-10-04 14:14:14',1,3),(129,1,6,'The flowers had bugs in them','IN_PROGRESS','2022-02-22 14:14:14',1,1),(130,2,4,'Really bad service!','IN_PROGRESS','2022-04-16 14:14:14',1,3),(131,2,4,'Flowers came in squished!','IN_PROGRESS','2022-01-27 14:14:14',1,3),(132,1,2,'The bouqest had loose ends','IN_PROGRESS','2022-05-05 14:14:14',1,1),(133,2,6,'Worker had a very bad attitude','IN_PROGRESS','2022-02-15 14:14:14',1,3),(134,1,1,'Bad service.','IN_PROGRESS','2022-01-01 14:14:14',1,3),(135,2,3,'Flowers came in squished!','IN_PROGRESS','2022-04-23 14:14:14',1,1),(136,1,7,'Rude store worker','IN_PROGRESS','2022-02-09 14:14:14',1,3),(137,1,6,'Really bad service!','IN_PROGRESS','2022-02-23 14:14:14',1,3),(138,2,6,'Worker had a very bad attitude','IN_PROGRESS','2022-07-24 14:14:14',1,1),(139,1,2,'Bad service.','IN_PROGRESS','2022-07-10 14:14:14',1,1),(140,2,4,'Really bad service!','IN_PROGRESS','2022-12-02 14:14:14',1,3),(141,2,2,'Worker had a very bad attitude','IN_PROGRESS','2022-10-06 14:14:14',1,1),(142,1,7,'The bouqest had loose ends','IN_PROGRESS','2022-10-18 14:14:14',1,3),(143,2,7,'The flower crown was small and too tight around the head.','IN_PROGRESS','2022-03-06 14:14:14',1,3),(144,1,5,'Worker had a very bad attitude','IN_PROGRESS','2022-06-15 14:14:14',1,3),(145,1,5,'Worker had a very bad attitude','IN_PROGRESS','2022-09-13 14:14:14',1,3),(146,1,4,'The bouqest had loose ends','IN_PROGRESS','2022-06-15 14:14:14',1,3),(147,1,3,'Worker had a very bad attitude','IN_PROGRESS','2022-09-15 14:14:14',1,3),(148,4,6,'Customer service department are annoying!','IN_PROGRESS','2022-06-06 16:09:01',1,2),(149,4,6,'Customer service department are annoying!','IN_PROGRESS','2022-06-06 16:09:01',1,2),(150,2,1,'Really bad service!','IN_PROGRESS','2022-02-08 14:14:14',1,2),(151,2,5,'Rude store worker','IN_PROGRESS','2022-02-04 14:14:14',1,3),(152,1,3,'Flowers came in squished!','IN_PROGRESS','2022-03-12 14:14:14',1,1),(153,1,1,'The flower crown was small and too tight around the head.','IN_PROGRESS','2022-02-23 14:14:14',1,2),(154,2,1,'The bouqest had loose ends','IN_PROGRESS','2022-03-10 14:14:14',1,3),(155,1,2,'Worker had a very bad attitude','IN_PROGRESS','2022-03-18 14:14:14',1,2),(156,1,7,'Rude store worker','IN_PROGRESS','2022-01-02 14:14:14',1,3),(157,1,7,'The bouqest had loose ends','IN_PROGRESS','2022-01-20 14:14:14',1,3),(158,2,3,'The flowers had bugs in them','IN_PROGRESS','2022-03-17 14:14:14',1,2),(159,1,7,'The flowers had bugs in them','IN_PROGRESS','2022-02-04 14:14:14',1,3),(160,2,2,'Worker had a very bad attitude','IN_PROGRESS','2022-03-05 14:14:14',1,3),(161,1,4,'The bouqest had loose ends','IN_PROGRESS','2022-03-11 14:14:14',1,1),(162,1,4,'The flowers had bugs in them','IN_PROGRESS','2022-01-10 14:14:14',1,1),(163,2,1,'The bouqest had loose ends','IN_PROGRESS','2022-02-23 14:14:14',1,3),(164,1,5,'The bouqest had loose ends','IN_PROGRESS','2022-01-26 14:14:14',1,2),(165,2,1,'Really bad service!','IN_PROGRESS','2022-02-09 14:14:14',1,1),(166,2,3,'Bad service.','IN_PROGRESS','2022-01-05 14:14:14',1,3),(167,1,2,'Bad service.','IN_PROGRESS','2022-02-02 14:14:14',1,3),(168,2,6,'Bad service.','IN_PROGRESS','2022-03-19 14:14:14',1,2),(169,2,2,'Really bad service!','IN_PROGRESS','2022-02-25 14:14:14',1,2),(170,2,1,'Flowers came in squished!','IN_PROGRESS','2022-01-11 14:14:14',1,1),(171,2,4,'Worker had a very bad attitude','IN_PROGRESS','2022-01-06 14:14:14',1,2),(172,1,2,'Rude store worker','IN_PROGRESS','2022-03-26 14:14:14',1,3),(173,1,1,'Flowers came in squished!','IN_PROGRESS','2022-01-02 14:14:14',1,3),(174,2,1,'Worker had a very bad attitude','IN_PROGRESS','2022-02-25 14:14:14',1,2),(175,1,2,'The bouqest had loose ends','IN_PROGRESS','2022-03-14 14:14:14',1,2),(176,2,6,'The flower crown was small and too tight around the head.','IN_PROGRESS','2022-02-12 14:14:14',1,1),(177,1,2,'Bad service.','IN_PROGRESS','2022-02-03 14:14:14',1,3),(178,1,3,'The flowers had bugs in them','IN_PROGRESS','2022-02-26 14:14:14',1,3),(179,2,6,'Rude store worker','IN_PROGRESS','2022-03-01 14:14:14',1,2),(180,1,6,'Really bad service!','IN_PROGRESS','2022-02-26 14:14:14',1,3),(181,1,2,'Rude store worker','IN_PROGRESS','2022-01-24 14:14:14',1,3),(182,1,4,'The flowers had bugs in them','IN_PROGRESS','2022-02-05 14:14:14',1,3),(183,2,5,'Flowers came in squished!','IN_PROGRESS','2022-02-13 14:14:14',1,2),(184,2,6,'The flower crown was small and too tight around the head.','IN_PROGRESS','2022-02-12 14:14:14',1,2),(185,1,3,'The flowers had bugs in them','IN_PROGRESS','2022-03-17 14:14:14',1,3),(186,2,2,'The flowers had bugs in them','IN_PROGRESS','2022-03-22 14:14:14',1,2),(187,1,5,'Really bad service!','IN_PROGRESS','2022-03-07 14:14:14',1,1),(188,1,3,'The bouqest had loose ends','IN_PROGRESS','2022-01-05 14:14:14',1,1),(189,1,5,'The flowers had bugs in them','IN_PROGRESS','2022-02-01 14:14:14',1,2),(190,1,1,'The bouqest had loose ends','IN_PROGRESS','2022-01-03 14:14:14',1,2),(191,2,1,'Really bad service!','IN_PROGRESS','2022-01-08 14:14:14',1,3),(192,2,4,'Worker had a very bad attitude','IN_PROGRESS','2022-03-10 14:14:14',1,2),(193,2,1,'Rude store worker','IN_PROGRESS','2022-01-08 14:14:14',1,2),(194,1,1,'The flower crown was small and too tight around the head.','IN_PROGRESS','2022-01-18 14:14:14',1,1),(195,2,5,'Rude store worker','IN_PROGRESS','2022-03-22 14:14:14',1,1),(196,2,4,'Worker had a very bad attitude','IN_PROGRESS','2022-01-04 14:14:14',1,2),(197,2,2,'Bad service.','IN_PROGRESS','2022-03-23 14:14:14',1,1),(198,1,4,'Bad service.','IN_PROGRESS','2022-01-11 14:14:14',1,2),(199,1,1,'The flowers had bugs in them','IN_PROGRESS','2022-01-08 14:14:14',1,3),(200,2,7,'The bouqest had loose ends','IN_PROGRESS','2022-03-08 14:14:14',1,3),(201,2,1,'The bouqest had loose ends','IN_PROGRESS','2022-03-03 14:14:14',1,2),(202,1,5,'Worker had a very bad attitude','IN_PROGRESS','2022-03-06 14:14:14',1,3),(203,2,7,'Worker had a very bad attitude','IN_PROGRESS','2022-02-25 14:14:14',1,2),(204,2,3,'Really bad service!','IN_PROGRESS','2022-02-15 14:14:14',1,1),(205,2,2,'Rude store worker','IN_PROGRESS','2022-02-21 14:14:14',1,3),(206,2,5,'Bad service.','IN_PROGRESS','2022-01-26 14:14:14',1,1),(207,2,1,'Really bad service!','IN_PROGRESS','2022-03-14 14:14:14',1,1),(208,1,1,'Bad service.','IN_PROGRESS','2022-02-18 14:14:14',1,2),(209,2,6,'Really bad service!','IN_PROGRESS','2022-02-01 14:14:14',1,3),(210,1,1,'The bouqest had loose ends','IN_PROGRESS','2022-02-01 14:14:14',1,3),(211,2,3,'Really bad service!','IN_PROGRESS','2022-03-16 14:14:14',1,1),(212,2,3,'Really bad service!','IN_PROGRESS','2022-02-25 14:14:14',1,1),(213,2,3,'Rude store worker','IN_PROGRESS','2022-03-01 14:14:14',1,3),(214,2,5,'Flowers came in squished!','IN_PROGRESS','2022-03-03 14:14:14',1,3),(215,2,3,'The bouqest had loose ends','IN_PROGRESS','2022-01-04 14:14:14',1,3),(216,2,6,'Really bad service!','IN_PROGRESS','2022-01-01 14:14:14',1,2),(217,1,2,'Really bad service!','IN_PROGRESS','2022-02-16 14:14:14',1,2),(218,2,1,'Bad service.','IN_PROGRESS','2022-01-08 14:14:14',1,3),(219,1,7,'The flower crown was small and too tight around the head.','IN_PROGRESS','2022-01-09 14:14:14',1,3),(220,2,3,'Rude store worker','IN_PROGRESS','2022-02-27 14:14:14',1,3),(221,1,7,'Bad service.','IN_PROGRESS','2022-02-12 14:14:14',1,3),(222,2,3,'The bouqest had loose ends','IN_PROGRESS','2022-01-13 14:14:14',1,3),(223,2,1,'The bouqest had loose ends','IN_PROGRESS','2022-01-01 14:14:14',1,1),(224,1,6,'The flower crown was small and too tight around the head.','IN_PROGRESS','2022-02-15 14:14:14',1,2),(225,1,3,'Really bad service!','IN_PROGRESS','2022-01-26 14:14:14',1,1),(226,2,5,'Rude store worker','IN_PROGRESS','2022-01-13 14:14:14',1,1),(227,1,5,'Really bad service!','IN_PROGRESS','2022-03-25 14:14:14',1,1),(228,1,2,'Flowers came in squished!','IN_PROGRESS','2022-03-27 14:14:14',1,3),(229,2,5,'Rude store worker','IN_PROGRESS','2022-03-12 14:14:14',1,1),(230,1,1,'Rude store worker','IN_PROGRESS','2022-01-20 14:14:14',1,3),(231,1,4,'Rude store worker','IN_PROGRESS','2022-01-21 14:14:14',1,2),(232,1,3,'Rude store worker','IN_PROGRESS','2022-03-14 14:14:14',1,2),(233,1,1,'The flowers had bugs in them','IN_PROGRESS','2022-01-08 14:14:14',1,3),(234,1,5,'Rude store worker','IN_PROGRESS','2022-03-06 14:14:14',1,3),(235,1,6,'Bad service.','IN_PROGRESS','2022-03-05 14:14:14',1,2),(236,1,3,'Rude store worker','IN_PROGRESS','2022-03-20 14:14:14',1,2),(237,2,2,'Worker had a very bad attitude','IN_PROGRESS','2022-03-21 14:14:14',1,3),(238,1,4,'The flowers had bugs in them','IN_PROGRESS','2022-01-26 14:14:14',1,3),(239,1,6,'Worker had a very bad attitude','IN_PROGRESS','2022-02-03 14:14:14',1,1),(240,2,7,'Rude store worker','IN_PROGRESS','2022-02-04 14:14:14',1,2),(241,1,1,'The flowers had bugs in them','IN_PROGRESS','2022-02-06 14:14:14',1,2),(242,1,1,'Rude store worker','IN_PROGRESS','2022-03-17 14:14:14',1,3),(243,2,7,'The flowers had bugs in them','IN_PROGRESS','2022-02-04 14:14:14',1,2),(244,1,7,'Flowers came in squished!','IN_PROGRESS','2022-02-17 14:14:14',1,3),(245,1,1,'Bad service.','IN_PROGRESS','2022-02-14 14:14:14',1,3),(246,2,1,'Bad service.','IN_PROGRESS','2022-01-12 14:14:14',1,3),(247,2,1,'Worker had a very bad attitude','IN_PROGRESS','2022-03-18 14:14:14',1,1),(248,1,5,'Rude store worker','IN_PROGRESS','2022-02-07 14:14:14',1,1),(249,2,7,'The flowers had bugs in them','IN_PROGRESS','2022-01-17 14:14:14',1,2),(250,2,6,'The flower crown was small and too tight around the head.','IN_PROGRESS','2022-01-20 14:14:14',1,3),(251,1,3,'Worker had a very bad attitude','IN_PROGRESS','2022-03-26 14:14:14',1,3),(252,2,5,'Really bad service!','IN_PROGRESS','2022-03-01 14:14:14',1,2),(253,1,5,'The flower crown was small and too tight around the head.','IN_PROGRESS','2022-02-08 14:14:14',1,1),(254,1,6,'Really bad service!','IN_PROGRESS','2022-01-18 14:14:14',1,2),(255,2,3,'The bouqest had loose ends','IN_PROGRESS','2022-02-06 14:14:14',1,1),(256,2,7,'The flower crown was small and too tight around the head.','IN_PROGRESS','2022-01-16 14:14:14',1,1),(257,1,5,'Worker had a very bad attitude','IN_PROGRESS','2022-01-08 14:14:14',1,2),(258,2,3,'Bad service.','IN_PROGRESS','2022-01-15 14:14:14',1,2),(259,2,7,'Bad service.','IN_PROGRESS','2022-01-24 14:14:14',1,3),(260,2,7,'Rude store worker','IN_PROGRESS','2022-02-22 14:14:14',1,3),(261,2,3,'The flower crown was small and too tight around the head.','IN_PROGRESS','2022-01-25 14:14:14',1,2),(262,1,4,'Rude store worker','IN_PROGRESS','2022-03-26 14:14:14',1,2),(263,1,6,'The bouqest had loose ends','IN_PROGRESS','2022-03-03 14:14:14',1,3),(264,2,2,'The flowers had bugs in them','IN_PROGRESS','2022-03-12 14:14:14',1,2),(265,1,3,'The flowers had bugs in them','IN_PROGRESS','2022-01-13 14:14:14',1,3),(266,1,3,'Flowers came in squished!','IN_PROGRESS','2022-03-17 14:14:14',1,1),(267,1,4,'The bouqest had loose ends','IN_PROGRESS','2022-03-20 14:14:14',1,1),(268,2,6,'The flowers had bugs in them','IN_PROGRESS','2022-01-24 14:14:14',1,3),(269,1,6,'The bouqest had loose ends','IN_PROGRESS','2022-03-18 14:14:14',1,1),(270,2,1,'The bouqest had loose ends','IN_PROGRESS','2022-02-13 14:14:14',1,1),(271,1,1,'Really bad service!','IN_PROGRESS','2022-03-17 14:14:14',1,3),(272,2,1,'The flower crown was small and too tight around the head.','IN_PROGRESS','2022-01-07 14:14:14',1,3),(273,1,2,'The flower crown was small and too tight around the head.','IN_PROGRESS','2022-01-13 14:14:14',1,2),(274,2,2,'Rude store worker','IN_PROGRESS','2022-02-18 14:14:14',1,1),(275,2,5,'Really bad service!','IN_PROGRESS','2022-02-11 14:14:14',1,2),(276,1,4,'The flower crown was small and too tight around the head.','IN_PROGRESS','2022-01-06 14:14:14',1,3),(277,2,4,'Worker had a very bad attitude','IN_PROGRESS','2022-01-07 14:14:14',1,1),(278,1,7,'The flowers had bugs in them','IN_PROGRESS','2022-01-08 14:14:14',1,3),(279,1,6,'The flowers had bugs in them','IN_PROGRESS','2022-02-04 14:14:14',1,1),(280,2,5,'Bad service.','IN_PROGRESS','2022-02-15 14:14:14',1,2),(281,2,5,'Rude store worker','IN_PROGRESS','2022-02-22 14:14:14',1,2),(282,2,6,'Bad service.','IN_PROGRESS','2022-02-13 14:14:14',1,3),(283,2,7,'Flowers came in squished!','IN_PROGRESS','2022-02-09 14:14:14',1,1),(284,2,4,'Really bad service!','IN_PROGRESS','2022-03-14 14:14:14',1,3),(285,2,5,'Bad service.','IN_PROGRESS','2022-01-01 14:14:14',1,3),(286,1,5,'Worker had a very bad attitude','IN_PROGRESS','2022-03-17 14:14:14',1,3),(287,1,3,'The flower crown was small and too tight around the head.','IN_PROGRESS','2022-02-26 14:14:14',1,3),(288,2,7,'The bouqest had loose ends','IN_PROGRESS','2022-01-14 14:14:14',1,1),(289,1,7,'Rude store worker','IN_PROGRESS','2022-03-01 14:14:14',1,3),(290,1,3,'Really bad service!','IN_PROGRESS','2022-03-11 14:14:14',1,2),(291,1,2,'The bouqest had loose ends','IN_PROGRESS','2022-01-06 14:14:14',1,2),(292,1,5,'Bad service.','IN_PROGRESS','2022-02-27 14:14:14',1,3),(293,1,3,'The bouqest had loose ends','IN_PROGRESS','2022-01-12 14:14:14',1,3),(294,1,4,'Bad service.','IN_PROGRESS','2022-03-17 14:14:14',1,2),(295,2,4,'Worker had a very bad attitude','IN_PROGRESS','2022-03-22 14:14:14',1,3),(296,2,7,'Worker had a very bad attitude','IN_PROGRESS','2022-03-25 14:14:14',1,2),(297,1,2,'Really bad service!','IN_PROGRESS','2022-03-21 14:14:14',1,1),(298,1,7,'The flowers had bugs in them','IN_PROGRESS','2022-03-24 14:14:14',1,3),(299,2,4,'Bad service.','IN_PROGRESS','2022-03-12 14:14:14',1,3),(300,2,4,'Really bad service!','IN_PROGRESS','2022-03-14 14:14:14',1,2),(301,1,4,'Rude store worker','IN_PROGRESS','2022-01-01 14:14:14',1,3),(302,2,6,'Really bad service!','IN_PROGRESS','2022-02-27 14:14:14',1,3),(303,1,1,'Worker had a very bad attitude','IN_PROGRESS','2022-02-26 14:14:14',1,3),(304,1,1,'Bad service.','IN_PROGRESS','2022-01-26 14:14:14',1,1),(305,2,4,'The flower crown was small and too tight around the head.','IN_PROGRESS','2022-03-07 14:14:14',1,2),(306,1,7,'Flowers came in squished!','IN_PROGRESS','2022-01-11 14:14:14',1,1),(307,1,2,'Flowers came in squished!','IN_PROGRESS','2022-01-20 14:14:14',1,2),(308,1,1,'Bad service.','IN_PROGRESS','2022-03-16 14:14:14',1,2),(309,2,4,'Bad service.','IN_PROGRESS','2022-03-27 14:14:14',1,2),(310,1,3,'The flower crown was small and too tight around the head.','IN_PROGRESS','2022-01-27 14:14:14',1,3),(311,2,2,'The flower crown was small and too tight around the head.','IN_PROGRESS','2022-03-14 14:14:14',1,1),(312,1,1,'Flowers came in squished!','IN_PROGRESS','2022-03-01 14:14:14',1,2),(313,1,6,'Really bad service!','IN_PROGRESS','2022-01-19 14:14:14',1,2),(314,1,1,'Bad service.','IN_PROGRESS','2022-03-01 14:14:14',1,2),(315,1,6,'Really bad service!','IN_PROGRESS','2022-02-23 14:14:14',1,2),(316,2,4,'The bouqest had loose ends','IN_PROGRESS','2022-02-08 14:14:14',1,2),(317,1,2,'The flowers had bugs in them','IN_PROGRESS','2022-02-20 14:14:14',1,1),(318,2,2,'The flower crown was small and too tight around the head.','IN_PROGRESS','2022-01-11 14:14:14',1,1),(319,2,6,'Worker had a very bad attitude','IN_PROGRESS','2022-03-04 14:14:14',1,3),(320,2,3,'The flowers had bugs in them','IN_PROGRESS','2022-02-20 14:14:14',1,1),(321,2,1,'Rude store worker','IN_PROGRESS','2022-03-09 14:14:14',1,2),(322,2,4,'The bouqest had loose ends','IN_PROGRESS','2022-02-03 14:14:14',1,1),(323,2,1,'Bad service.','IN_PROGRESS','2022-02-09 14:14:14',1,3),(324,2,1,'Rude store worker','IN_PROGRESS','2022-01-19 14:14:14',1,1),(325,1,2,'Flowers came in squished!','IN_PROGRESS','2022-03-16 14:14:14',1,3),(326,1,7,'Rude store worker','IN_PROGRESS','2022-02-20 14:14:14',1,3),(327,2,2,'Worker had a very bad attitude','IN_PROGRESS','2022-01-23 14:14:14',1,3),(328,1,5,'Rude store worker','IN_PROGRESS','2022-01-15 14:14:14',1,1),(329,1,1,'The flower crown was small and too tight around the head.','IN_PROGRESS','2022-03-02 14:14:14',1,2),(330,1,3,'Flowers came in squished!','IN_PROGRESS','2022-01-11 14:14:14',1,2),(331,1,7,'The flower crown was small and too tight around the head.','IN_PROGRESS','2022-02-04 14:14:14',1,2),(332,1,6,'Rude store worker','IN_PROGRESS','2022-02-06 14:14:14',1,2),(333,1,6,'The flower crown was small and too tight around the head.','IN_PROGRESS','2022-01-05 14:14:14',1,3),(334,1,3,'The flowers had bugs in them','IN_PROGRESS','2022-01-12 14:14:14',1,3),(335,1,1,'The flowers had bugs in them','IN_PROGRESS','2022-03-16 14:14:14',1,3),(336,2,7,'The bouqest had loose ends','IN_PROGRESS','2022-03-25 14:14:14',1,3),(337,1,3,'The flower crown was small and too tight around the head.','IN_PROGRESS','2022-01-26 14:14:14',1,1),(338,1,2,'The bouqest had loose ends','IN_PROGRESS','2022-01-20 14:14:14',1,1),(339,2,1,'Really bad service!','IN_PROGRESS','2022-03-24 14:14:14',1,3),(340,2,1,'Bad service.','IN_PROGRESS','2022-01-21 14:14:14',1,3),(341,1,2,'Rude store worker','IN_PROGRESS','2022-02-26 14:14:14',1,3),(342,1,3,'Worker had a very bad attitude','IN_PROGRESS','2022-03-12 14:14:14',1,1),(343,2,7,'Flowers came in squished!','IN_PROGRESS','2022-01-12 14:14:14',1,3),(344,1,7,'Bad service.','IN_PROGRESS','2022-03-23 14:14:14',1,3),(345,1,2,'Rude store worker','IN_PROGRESS','2022-02-10 14:14:14',1,2),(346,1,3,'The bouqest had loose ends','IN_PROGRESS','2022-01-20 14:14:14',1,2),(347,1,1,'The flowers had bugs in them','IN_PROGRESS','2022-03-10 14:14:14',1,3),(348,2,7,'Really bad service!','IN_PROGRESS','2022-01-09 14:14:14',1,3),(349,1,2,'Flowers came in squished!','IN_PROGRESS','2022-02-11 14:14:14',1,2),(350,2,6,'Really bad service!','IN_PROGRESS','2022-01-14 14:14:14',1,3),(351,1,2,'The bouqest had loose ends','IN_PROGRESS','2022-02-24 14:14:14',1,2),(352,1,1,'Flowers came in squished!','IN_PROGRESS','2022-02-01 14:14:14',1,2),(353,2,3,'The flower crown was small and too tight around the head.','IN_PROGRESS','2022-03-14 14:14:14',1,1),(354,2,2,'The flower crown was small and too tight around the head.','IN_PROGRESS','2022-01-10 14:14:14',1,3),(355,1,1,'The flowers had bugs in them','IN_PROGRESS','2022-03-27 14:14:14',1,1),(356,2,3,'Bad service.','IN_PROGRESS','2022-03-19 14:14:14',1,1),(357,2,7,'Worker had a very bad attitude','IN_PROGRESS','2022-01-17 14:14:14',1,3),(358,1,2,'The flowers had bugs in them','IN_PROGRESS','2022-03-04 14:14:14',1,1),(359,1,4,'The flowers had bugs in them','IN_PROGRESS','2022-02-21 14:14:14',1,3),(360,2,7,'Worker had a very bad attitude','IN_PROGRESS','2022-03-14 14:14:14',1,3),(361,2,7,'Really bad service!','IN_PROGRESS','2022-02-07 14:14:14',1,3),(362,1,2,'Bad service.','IN_PROGRESS','2022-01-08 14:14:14',1,3),(363,1,4,'Rude store worker','IN_PROGRESS','2022-02-10 14:14:14',1,2),(364,1,6,'The flowers had bugs in them','IN_PROGRESS','2022-03-20 14:14:14',1,1),(365,1,4,'Really bad service!','IN_PROGRESS','2022-01-10 14:14:14',1,3),(366,1,5,'Worker had a very bad attitude','IN_PROGRESS','2022-02-03 14:14:14',1,2),(367,2,6,'Flowers came in squished!','IN_PROGRESS','2022-01-03 14:14:14',1,3),(368,1,7,'Bad service.','IN_PROGRESS','2022-01-20 14:14:14',1,2),(369,1,6,'The flowers had bugs in them','IN_PROGRESS','2022-02-27 14:14:14',1,2),(370,2,1,'Worker had a very bad attitude','IN_PROGRESS','2022-03-06 14:14:14',1,2),(371,2,6,'Worker had a very bad attitude','IN_PROGRESS','2022-03-26 14:14:14',1,3),(372,1,3,'The flower crown was small and too tight around the head.','IN_PROGRESS','2022-01-14 14:14:14',1,2),(373,1,7,'Worker had a very bad attitude','IN_PROGRESS','2022-01-11 14:14:14',1,3),(374,1,1,'Rude store worker','IN_PROGRESS','2022-01-17 14:14:14',1,3),(375,1,4,'The flower crown was small and too tight around the head.','IN_PROGRESS','2022-02-19 14:14:14',1,2),(376,1,1,'Flowers came in squished!','IN_PROGRESS','2022-02-10 14:14:14',1,3),(377,2,1,'Bad service.','IN_PROGRESS','2022-03-22 14:14:14',1,1),(378,2,3,'Worker had a very bad attitude','IN_PROGRESS','2022-02-03 14:14:14',1,3),(379,1,2,'The flowers had bugs in them','IN_PROGRESS','2022-01-24 14:14:14',1,2),(380,1,3,'The flowers had bugs in them','IN_PROGRESS','2022-03-26 14:14:14',1,3),(381,2,7,'The flowers had bugs in them','IN_PROGRESS','2022-02-14 14:14:14',1,1),(382,2,7,'Rude store worker','IN_PROGRESS','2022-01-06 14:14:14',1,3),(383,2,3,'Worker had a very bad attitude','IN_PROGRESS','2022-01-13 14:14:14',1,2),(384,1,5,'The flower crown was small and too tight around the head.','IN_PROGRESS','2022-03-03 14:14:14',1,2),(385,2,7,'The flower crown was small and too tight around the head.','IN_PROGRESS','2022-01-19 14:14:14',1,2),(386,1,4,'Bad service.','IN_PROGRESS','2022-02-06 14:14:14',1,2),(387,1,1,'Flowers came in squished!','IN_PROGRESS','2022-01-13 14:14:14',1,1),(388,2,6,'The flower crown was small and too tight around the head.','IN_PROGRESS','2022-02-17 14:14:14',1,1),(389,2,1,'Worker had a very bad attitude','IN_PROGRESS','2022-02-22 14:14:14',1,1),(390,2,4,'Bad service.','IN_PROGRESS','2022-01-02 14:14:14',1,2),(391,1,5,'Really bad service!','IN_PROGRESS','2022-03-24 14:14:14',1,3),(392,2,5,'The flowers had bugs in them','IN_PROGRESS','2022-01-19 14:14:14',1,2),(393,1,6,'The bouqest had loose ends','IN_PROGRESS','2022-02-03 14:14:14',1,3),(394,1,2,'Worker had a very bad attitude','IN_PROGRESS','2022-01-01 14:14:14',1,2),(395,1,2,'Worker had a very bad attitude','IN_PROGRESS','2022-03-09 14:14:14',1,2),(396,1,6,'Bad service.','IN_PROGRESS','2022-01-24 14:14:14',1,1),(397,1,7,'The flowers had bugs in them','IN_PROGRESS','2022-03-11 14:14:14',1,1),(398,2,2,'The bouqest had loose ends','IN_PROGRESS','2022-01-05 14:14:14',1,3),(399,1,7,'Flowers came in squished!','IN_PROGRESS','2022-01-22 14:14:14',1,1),(400,2,4,'The flowers had bugs in them','IN_PROGRESS','2022-01-20 14:14:14',1,3),(401,1,7,'Rude store worker','IN_PROGRESS','2022-02-19 14:14:14',1,3),(402,1,5,'Flowers came in squished!','IN_PROGRESS','2022-03-27 14:14:14',1,2),(403,1,2,'Bad service.','IN_PROGRESS','2022-01-03 14:14:14',1,2),(404,2,7,'The flowers had bugs in them','IN_PROGRESS','2022-01-03 14:14:14',1,3),(405,1,1,'Worker had a very bad attitude','IN_PROGRESS','2022-01-21 14:14:14',1,3),(406,1,6,'Really bad service!','IN_PROGRESS','2022-02-27 14:14:14',1,3),(407,1,7,'The flowers had bugs in them','IN_PROGRESS','2022-02-15 14:14:14',1,2),(408,2,1,'Really bad service!','IN_PROGRESS','2022-03-15 14:14:14',1,3),(409,2,4,'Bad service.','IN_PROGRESS','2022-01-01 14:14:14',1,3),(410,2,7,'Worker had a very bad attitude','IN_PROGRESS','2022-01-10 14:14:14',1,2),(411,2,2,'The flowers had bugs in them','IN_PROGRESS','2022-03-16 14:14:14',1,2),(412,1,1,'The bouqest had loose ends','IN_PROGRESS','2022-03-12 14:14:14',1,3),(413,2,5,'Rude store worker','IN_PROGRESS','2022-01-11 14:14:14',1,1),(414,2,3,'The flower crown was small and too tight around the head.','IN_PROGRESS','2022-01-21 14:14:14',1,2),(415,1,7,'Really bad service!','IN_PROGRESS','2022-02-14 14:14:14',1,3),(416,1,5,'Worker had a very bad attitude','IN_PROGRESS','2022-01-08 14:14:14',1,1),(417,1,6,'Flowers came in squished!','IN_PROGRESS','2022-02-24 14:14:14',1,3),(418,2,5,'Bad service.','IN_PROGRESS','2022-01-18 14:14:14',1,2),(419,1,4,'Rude store worker','IN_PROGRESS','2022-01-14 14:14:14',1,2),(420,1,1,'Worker had a very bad attitude','IN_PROGRESS','2022-02-11 14:14:14',1,1),(421,1,3,'The flowers had bugs in them','IN_PROGRESS','2022-01-20 14:14:14',1,3),(422,1,4,'The flower crown was small and too tight around the head.','IN_PROGRESS','2022-01-13 14:14:14',1,2),(423,2,6,'Flowers came in squished!','IN_PROGRESS','2022-01-16 14:14:14',1,3),(424,2,6,'Worker had a very bad attitude','IN_PROGRESS','2022-03-14 14:14:14',1,3),(425,1,4,'Flowers came in squished!','IN_PROGRESS','2022-02-07 14:14:14',1,2),(426,1,2,'Rude store worker','IN_PROGRESS','2022-01-07 14:14:14',1,1),(427,2,1,'Rude store worker','IN_PROGRESS','2022-03-27 14:14:14',1,2),(428,1,4,'Worker had a very bad attitude','IN_PROGRESS','2022-02-06 14:14:14',1,2),(429,1,1,'Rude store worker','IN_PROGRESS','2022-02-26 14:14:14',1,3),(430,2,7,'Worker had a very bad attitude','IN_PROGRESS','2022-02-10 14:14:14',1,1),(431,2,2,'Bad service.','IN_PROGRESS','2022-02-19 14:14:14',1,2),(432,2,2,'The flower crown was small and too tight around the head.','IN_PROGRESS','2022-03-12 14:14:14',1,1),(433,2,6,'Bad service.','IN_PROGRESS','2022-02-04 14:14:14',1,3),(434,1,6,'Worker had a very bad attitude','IN_PROGRESS','2022-01-13 14:14:14',1,3),(435,1,2,'Bad service.','IN_PROGRESS','2022-01-13 14:14:14',1,3),(436,2,1,'The flowers had bugs in them','IN_PROGRESS','2022-02-01 14:14:14',1,1),(437,2,6,'The bouqest had loose ends','IN_PROGRESS','2022-02-21 14:14:14',1,3),(438,1,2,'Rude store worker','IN_PROGRESS','2022-02-08 14:14:14',1,1),(439,2,1,'Bad service.','IN_PROGRESS','2022-01-21 14:14:14',1,3),(440,2,7,'Flowers came in squished!','IN_PROGRESS','2022-03-16 14:14:14',1,3),(441,2,2,'The flower crown was small and too tight around the head.','IN_PROGRESS','2022-01-21 14:14:14',1,1),(442,1,2,'Bad service.','IN_PROGRESS','2022-03-02 14:14:14',1,1),(443,2,5,'Worker had a very bad attitude','IN_PROGRESS','2022-03-26 14:14:14',1,1),(444,2,1,'The flower crown was small and too tight around the head.','IN_PROGRESS','2022-02-16 14:14:14',1,3),(445,1,4,'The bouqest had loose ends','IN_PROGRESS','2022-02-27 14:14:14',1,3),(446,2,2,'The flower crown was small and too tight around the head.','IN_PROGRESS','2022-03-12 14:14:14',1,2),(447,1,5,'The flower crown was small and too tight around the head.','IN_PROGRESS','2022-01-20 14:14:14',1,2),(448,2,5,'Rude store worker','IN_PROGRESS','2022-03-23 14:14:14',1,3),(449,1,5,'The bouqest had loose ends','IN_PROGRESS','2022-02-23 14:14:14',1,2);
/*!40000 ALTER TABLE `complaints` ENABLE KEYS */;
UNLOCK TABLES;

--
-- Table structure for table `creditcards`
--

DROP TABLE IF EXISTS `creditcards`;
/*!40101 SET @saved_cs_client     = @@character_set_client */;
 SET character_set_client = utf8mb4 ;
CREATE TABLE `creditcards` (
  `number` varchar(16) NOT NULL,
  `cvv` varchar(3) NOT NULL,
  `expiration_date` varchar(5) NOT NULL,
  PRIMARY KEY (`number`)
) ENGINE=InnoDB DEFAULT CHARSET=utf8mb4 COLLATE=utf8mb4_0900_ai_ci;
/*!40101 SET character_set_client = @saved_cs_client */;

--
-- Dumping data for table `creditcards`
--

LOCK TABLES `creditcards` WRITE;
/*!40000 ALTER TABLE `creditcards` DISABLE KEYS */;
INSERT INTO `creditcards` VALUES ('4580000000001234','123','04/25'),('4580000000001235','123','04/25'),('4580000000001236','123','04/25'),('4580000000001237','123','04/25'),('4580000000001238','123','04/25'),('4580000000001239','123','04/25'),('4580000000001240','123','04/25'),('4580000000001241','123','04/25'),('4580000000001242','123','04/25');
/*!40000 ALTER TABLE `creditcards` ENABLE KEYS */;
UNLOCK TABLES;

--
-- Table structure for table `items`
--

DROP TABLE IF EXISTS `items`;
/*!40101 SET @saved_cs_client     = @@character_set_client */;
 SET character_set_client = utf8mb4 ;
CREATE TABLE `items` (
  `id` int(11) NOT NULL AUTO_INCREMENT,
  `name` varchar(45) NOT NULL,
  `price` decimal(10,2) unsigned zerofill NOT NULL,
  `color` varchar(45) DEFAULT NULL,
  `discount_percentage` int(10) unsigned zerofill DEFAULT '0000000000',
  `img` varchar(100) DEFAULT NULL,
  `isProduct` tinyint(4) DEFAULT NULL,
  `isExist` tinyint(4) DEFAULT '1',
  `account_id` int(11) DEFAULT NULL,
  PRIMARY KEY (`id`),
  KEY `user_id_fk_idx` (`account_id`),
  CONSTRAINT `account_id_fk2` FOREIGN KEY (`account_id`) REFERENCES `account` (`id`) ON DELETE CASCADE
) ENGINE=InnoDB AUTO_INCREMENT=51 DEFAULT CHARSET=utf8mb4 COLLATE=utf8mb4_0900_ai_ci;
/*!40101 SET character_set_client = @saved_cs_client */;

--
-- Dumping data for table `items`
--

LOCK TABLES `items` WRITE;
/*!40000 ALTER TABLE `items` DISABLE KEYS */;
INSERT INTO `items` VALUES (1,'Hello Sunshine',00000199.00,'YELLOW',0000000000,'/resources/flowers/Hello_Sunshine_Bouquet.png',1,1,NULL),(2,'Spirit Basket',00000199.00,'PINK',0000000000,'/resources/flowers/Beautiful_Spirit_Basket.png',1,1,NULL),(3,'Bloom Basket',00000299.00,'PINK',0000000000,'/resources/flowers/Radiance_In_Bloom_Basket.png',1,1,NULL),(4,'Blush Crush',00000299.00,'PINK',0000000000,'/resources/flowers/Blush_Crush_Bouquet.png',1,1,NULL),(5,'Pink Orchid',00000129.00,'PURPLE',0000000020,'/resources/flowers/Pink_Orchid.png',0,1,NULL),(6,'Sweet & Pretty',00000199.00,'PINK',0000000000,'/resources/flowers/Sweet_And_Pretty_Bouquet.png',1,1,NULL),(7,'R Rose Bouquet',00000149.00,'RED',0000000000,'/resources/flowers/Red_Rose_Bouquet.png',1,1,NULL),(8,'P Rose Bouquet',00000149.00,'PINK',0000000000,'/resources/flowers/Pink_Rose_Bouquet.png',1,1,NULL),(9,'Champagne',00000149.00,'CHAMPAGNE',0000000000,'/resources/flowers/Champagne_Rose_Bouquet.png',1,1,NULL),(10,'W Rose Bouquet',00000149.00,'WHITE',0000000000,'/resources/flowers/White_Rose_Bouquet.png',1,1,NULL),(11,'Y Rose Bouquet',00000149.00,'YELLOW',0000000000,'/resources/flowers/Yellow_Rose_Bouquet.png',1,1,NULL),(12,'Pink Dream',00000090.00,'PINK',0000000000,'/resources/flowers/Pink_Dream.png',0,1,NULL),(13,'Princess',00000090.00,'PURPLE',0000000015,'/resources/flowers/Princess.png',0,1,NULL),(14,'Snow Crown',00000079.00,'WHITE',0000000000,'/resources/flowers/Snow_White_Flowers_Crown.png',0,1,NULL),(15,'Urban Cocktail',00000199.00,'RED',0000000000,'/resources/flowers/Urban_Cocktail.png',1,1,NULL),(16,'Photos',00000089.00,'GREEN',0000000000,'/resources/flowers/Photos.png',1,1,NULL),(17,'Peperomia',00000085.00,'GREEN',0000000015,'/resources/flowers/Peperomia.png',1,1,NULL),(18,'Curly Dracaena',00000059.00,'GREEN',0000000000,'/resources/flowers/Curly_Dracaena_Lemon_Lime.png',1,1,NULL),(19,'A White Dream',00000149.00,'WHITE',0000000000,'/resources/flowers/A_White_Dream.png',1,1,NULL),(20,'Best Wishes',00000159.00,'PINK',0000000020,'/resources/flowers/Best_Wishes.png',1,1,NULL),(21,'Purple Lily',00000139.00,'PURPLE',0000000000,'/resources/flowers/Purple_Lily.png',1,1,NULL),(22,'An Orange Dream',00000159.00,'ORANGE',0000000000,'/resources/flowers/An_Orange_Dream.png',1,1,NULL),(23,'Irit',00000159.00,'PINK',0000000000,'/resources/flowers/Irit.png',1,1,NULL),(24,'Beam',00000250.00,'PINK',0000000000,'/resources/flowers/Beam.png',1,1,NULL),(25,'Always Love',00000400.00,'WHITE',0000000000,'/resources/flowers/Always_Love.png',1,1,NULL),(26,'Daryah',00000099.00,'PINK',0000000000,'/resources/flowers/Daryah.png',1,1,NULL),(27,'Cotton',00000099.00,'WHITE',0000000000,'/resources/flowers/Cotton.png',1,1,NULL),(28,'Bellissimo',00000389.00,'PINK',0000000000,'/resources/flowers/Bellissimo.png',1,1,NULL),(29,'Bijoux Diamond',00000309.00,'WHITE',0000000000,'/resources/flowers/Bijoux_Diamond.png',0,1,NULL),(30,'Panther',00000159.00,'PURPLE',0000000000,'/resources/flowers/Panther.png',1,1,NULL),(31,'Diamond Orchid',00000169.00,'WHITE',0000000000,'/resources/flowers/Diamond_Orchid.png',0,1,NULL),(32,'Formidablo',00000609.00,'WHITE',0000000000,'/resources/flowers/Formidablo.png',0,1,NULL),(33,'Cocktail Plant',00000129.00,'GREEN',0000000000,'/resources/flowers/Country_Cocktail_Houseplant.png',1,1,NULL),(34,'Cinderella Crown',00000079.00,'WHITE',0000000000,'/resources/flowers/Cinderella_Flowers_Crown.png',0,1,NULL),(35,'Red Rose',00000015.00,'RED',0000000000,'/resources/flowers/Red_Rose.png',0,1,NULL),(36,'White Rose',00000010.00,'WHITE',0000000000,'/resources/flowers/White_Rose.png',0,1,NULL),(37,'Pink Rose',00000015.00,'PINK',0000000000,'/resources/flowers/Pink_Rose.png',0,1,NULL),(38,'Yellow Rose',00000010.00,'YELLOW',0000000000,'/resources/flowers/Yellow_Rose.png',0,1,NULL),(39,'Pink Vase',00000059.00,'PINK',0000000000,'/resources/flowers/pink_vase.png',0,1,NULL),(40,'White Vase',00000059.00,'WHITE',0000000000,'/resources/flowers/white_vase.png',0,1,NULL),(41,'Green Vase',00000059.00,'GREEN',0000000000,'/resources/flowers/green_vase.png',0,1,NULL),(42,'Ofek',00000168.00,'WHITE',0000000000,'/resources/whiteLeafIcon-Custom.png',1,1,9),(43,'A gift for maya ',00000366.00,'GREEN',0000000000,'/resources/whiteLeafIcon-Custom.png',1,1,8),(44,'Hihi',00001022.50,'PINK',0000000000,'/resources/whiteLeafIcon-Custom.png',1,1,8),(45,'Baget',00001327.00,'WHITE',0000000000,'/resources/whiteLeafIcon-Custom.png',1,1,8),(46,'Zer4U',00000860.20,'WHITE',0000000000,'/resources/whiteLeafIcon-Custom.png',1,1,4),(47,'PinkYellow',00000025.00,'PINK',0000000000,'/resources/whiteLeafIcon-Custom.png',1,1,5),(50,'CustTtest',00000179.70,'PURPLE',0000000000,'/resources/whiteLeafIcon-Custom.png',1,1,3);
/*!40000 ALTER TABLE `items` ENABLE KEYS */;
UNLOCK TABLES;

--
-- Table structure for table `items_in_orders`
--

DROP TABLE IF EXISTS `items_in_orders`;
/*!40101 SET @saved_cs_client     = @@character_set_client */;
 SET character_set_client = utf8mb4 ;
CREATE TABLE `items_in_orders` (
  `order_id` int(11) NOT NULL,
  `item_id` int(11) NOT NULL,
  `amount` int(11) NOT NULL DEFAULT '1',
  PRIMARY KEY (`order_id`,`item_id`),
  KEY `order_id_idx` (`order_id`),
  KEY `item_id_idx` (`item_id`),
  CONSTRAINT `item_id` FOREIGN KEY (`item_id`) REFERENCES `items` (`id`) ON DELETE CASCADE,
  CONSTRAINT `order_id` FOREIGN KEY (`order_id`) REFERENCES `orders` (`id`) ON DELETE CASCADE
) ENGINE=InnoDB DEFAULT CHARSET=utf8mb4 COLLATE=utf8mb4_0900_ai_ci;
/*!40101 SET character_set_client = @saved_cs_client */;

--
-- Dumping data for table `items_in_orders`
--

LOCK TABLES `items_in_orders` WRITE;
/*!40000 ALTER TABLE `items_in_orders` DISABLE KEYS */;
INSERT INTO `items_in_orders` VALUES (1,2,2),(1,3,1),(1,4,1),(2,10,1),(2,11,2),(2,18,1),(2,22,1),(3,25,1),(3,27,1),(3,29,1),(3,31,1),(3,32,1),(3,38,1),(4,3,1),(4,4,1),(4,9,1),(4,11,1),(5,30,2),(5,31,1),(5,33,1),(5,34,2),(5,35,3),(5,38,1),(6,15,2),(6,16,2),(6,18,2),(6,19,2),(6,21,1),(6,22,2),(6,23,1),(6,24,1),(6,26,1),(6,27,1),(7,29,1),(7,30,1),(7,34,3),(7,35,1),(7,38,1),(7,39,1),(8,37,1),(8,38,1),(9,26,1),(9,30,1),(9,31,1),(9,35,1),(9,36,2),(10,16,2),(10,18,1),(10,22,2),(11,1,1),(11,3,1),(11,4,1),(11,6,1),(11,8,1),(11,9,1),(11,14,1),(12,3,1),(12,4,1),(12,9,1),(12,13,1),(12,17,1),(13,11,2),(13,12,1),(13,20,3),(14,21,1),(14,25,1),(14,26,1),(14,34,1),(15,16,2),(15,18,3),(16,1,1),(17,2,3),(17,10,1),(17,11,1),(17,15,1),(18,2,1),(18,8,1),(18,9,1),(18,11,1),(18,12,1),(19,2,1),(19,3,1),(20,28,1),(20,31,1),(20,32,1),(21,1,1),(21,15,1),(22,2,1),(22,27,1),(22,28,1),(23,1,1),(23,6,1),(23,10,1),(24,2,1),(24,3,1),(24,11,1),(24,12,1),(25,1,1),(25,2,1),(25,3,1),(26,2,2),(27,37,1),(27,38,5),(27,42,1),(28,11,1),(28,16,1),(28,18,1),(29,21,3),(29,22,1),(30,43,1),(31,15,1),(31,16,1),(31,22,1),(32,7,2),(32,8,5),(33,11,1),(33,12,1),(33,16,1),(33,32,4),(34,12,1),(34,14,1),(34,20,2),(35,13,2),(35,20,1),(35,23,5),(36,2,1),(36,3,2),(36,5,1),(36,13,1),(36,17,1),(37,1,1),(37,6,1),(37,10,1),(37,21,1),(37,26,1),(38,11,3),(39,2,1),(39,10,1),(39,11,1),(39,15,1),(40,5,1),(40,13,2),(40,18,1),(41,44,1),(42,11,1),(42,18,1),(43,11,1),(43,12,1),(43,15,1),(43,16,1),(43,18,1),(44,3,3),(44,4,2),(45,2,1),(45,3,1),(45,4,1),(45,5,1),(45,6,1),(45,17,1),(46,10,1),(46,11,1),(46,15,1),(46,16,1),(46,18,1),(47,16,1),(47,19,2),(48,23,1),(48,24,3),(49,17,2),(49,21,1),(49,22,1),(50,2,1),(50,3,1),(50,4,1),(50,6,1),(50,7,1),(50,8,1),(50,9,1),(51,26,3),(52,44,1),(52,45,1),(53,2,2),(53,3,1),(53,7,1),(53,8,1),(54,5,1),(54,13,1),(54,17,1),(55,2,2),(55,13,1),(56,17,1),(56,20,1),(56,32,3),(57,9,5),(57,14,1),(58,25,1),(58,26,1),(58,27,1),(58,29,1),(59,24,1),(59,34,1),(59,35,1),(59,38,1),(60,30,2),(60,31,2),(61,16,2),(61,46,1),(62,18,2),(62,19,2),(63,21,2),(63,22,3),(64,14,1),(64,15,1),(64,23,1),(64,27,1),(64,28,1),(65,6,2),(65,47,1),(66,10,1),(66,11,2),(67,1,1),(67,4,1),(67,50,1),(68,18,1),(68,20,1),(69,28,2),(69,29,2),(70,2,2),(71,2,3),(71,3,1),(71,4,1),(72,1,1),(72,2,1),(72,12,1),(72,16,1),(72,18,1),(73,18,2),(73,34,1),(73,39,1),(73,41,1),(74,3,1),(74,17,1),(74,33,1),(75,13,1),(75,29,2),(76,21,2),(76,22,1),(76,37,2);
/*!40000 ALTER TABLE `items_in_orders` ENABLE KEYS */;
UNLOCK TABLES;

--
-- Table structure for table `orders`
--

DROP TABLE IF EXISTS `orders`;
/*!40101 SET @saved_cs_client     = @@character_set_client */;
 SET character_set_client = utf8mb4 ;
CREATE TABLE `orders` (
  `id` int(11) NOT NULL AUTO_INCREMENT,
  `account_id` int(11) NOT NULL,
  `store_id` int(11) NOT NULL,
  `supply_date` datetime NOT NULL,
  `delivery_address` varchar(45) DEFAULT NULL,
  `total_price` double NOT NULL,
  `greeting` varchar(100) DEFAULT NULL,
  `creation_date` datetime NOT NULL DEFAULT CURRENT_TIMESTAMP,
  `cancel_date` datetime DEFAULT NULL,
  `status` enum('PENDING_APPROVAL','CONFIRMED','PENDING_CANCEL','REFUNDED','CANCELED','ARRIVED') DEFAULT 'PENDING_APPROVAL',
  PRIMARY KEY (`id`),
  KEY `account_id_idx` (`account_id`),
  KEY `account_id_fk_idx` (`account_id`),
  CONSTRAINT `account_id_fk` FOREIGN KEY (`account_id`) REFERENCES `account` (`id`)
) ENGINE=InnoDB AUTO_INCREMENT=77 DEFAULT CHARSET=utf8mb4 COLLATE=utf8mb4_0900_ai_ci;
/*!40101 SET character_set_client = @saved_cs_client */;

--
-- Dumping data for table `orders`
--

LOCK TABLES `orders` WRITE;
/*!40000 ALTER TABLE `orders` DISABLE KEYS */;
INSERT INTO `orders` VALUES (1,1,1,'2022-01-15 15:25:00','Karmiel - Tavor - 15',796.8,'Happy new year!!','2022-01-01 10:01:23',NULL,'CONFIRMED'),(2,1,1,'2022-01-03 12:00:00','Karmiel - Tavor - 1',665,'Wish you the best :)','2022-01-01 10:02:54',NULL,'CONFIRMED'),(3,1,1,'2022-01-05 15:20:00','Karmiel - Hermon - 20',1596,NULL,'2022-01-03 10:06:32',NULL,'CONFIRMED'),(4,1,1,'2022-01-20 10:00:00','Karmiel - Teva - 57',896,'thanks you! happy ','2022-01-04 10:09:05',NULL,'ARRIVED'),(5,1,1,'2022-01-08 10:25:00',NULL,829,'thanks!!! :)','2022-01-05 10:10:49',NULL,'CONFIRMED'),(6,1,1,'2022-01-09 15:25:00',NULL,2056,'thanksss','2022-01-08 10:11:30',NULL,'CONFIRMED'),(7,1,1,'2022-01-14 15:20:00','Karmiel - Rishonim - 16',789,NULL,'2022-01-04 10:13:20',NULL,'CONFIRMED'),(8,1,1,'2022-01-14 18:50:00',NULL,25,NULL,'2022-01-05 10:14:28',NULL,'CONFIRMED'),(9,1,1,'2022-01-17 09:30:00','Karmiel - Hermon - 87',462,'Welcome to our company! Hope you will enjoy','2022-01-05 10:16:14',NULL,'CONFIRMED'),(10,1,1,'2022-01-15 13:20:00','Karmiel - Lopaz - 55',555,NULL,'2022-01-05 10:19:49',NULL,'CONFIRMED'),(11,2,1,'2022-01-24 15:50:00','Karmiel - Dafna - 23',1098.4,NULL,'2022-01-08 10:27:31',NULL,'CONFIRMED'),(12,2,1,'2022-01-30 15:50:00','Karmiel - Hermon - 4',895.75,NULL,'2022-01-09 10:28:59',NULL,'CONFIRMED'),(13,2,1,'2022-01-30 15:50:00','Karmiel - Topaz - 15',769.6,NULL,'2022-01-10 10:35:55',NULL,'CONFIRMED'),(14,2,1,'2022-01-30 15:50:00','Karmiel - Rishonim - 20',717,NULL,'2022-01-11 10:37:51',NULL,'CONFIRMED'),(15,2,1,'2022-06-07 14:30:00','Karmiel - rishonim - 20',355,'Thanksssss','2022-01-11 10:43:12','2022-06-07 12:45:00','PENDING_CANCEL'),(16,2,1,'2022-01-30 15:50:00','Karmiel - Dafna - 1',199,NULL,'2022-01-11 10:45:22','2022-06-07 12:45:00','PENDING_CANCEL'),(17,1,1,'2022-01-30 15:50:00','Karmiel - Dofen - 15',1094,NULL,'2022-01-12 10:57:50',NULL,'CONFIRMED'),(18,2,1,'2022-01-30 15:50:00',NULL,736,NULL,'2022-01-20 10:58:29',NULL,'CONFIRMED'),(19,3,1,'2022-01-30 15:50:00','Karmiel - Paamon - 76',398.4,NULL,'2022-01-25 10:59:50',NULL,'CONFIRMED'),(20,3,1,'2022-01-30 15:50:00',NULL,1167,NULL,'2022-01-27 11:02:05',NULL,'CONFIRMED'),(21,3,1,'2022-01-30 15:50:00',NULL,398,NULL,'2022-01-28 11:08:57',NULL,'CONFIRMED'),(22,3,1,'2022-01-30 15:50:00',NULL,687,NULL,'2022-01-28 11:25:22',NULL,'CONFIRMED'),(23,3,1,'2022-01-12 15:50:00',NULL,547,NULL,'2022-01-28 11:28:12',NULL,'CONFIRMED'),(24,1,1,'2022-02-12 12:20:00','Karmiel - Tzvi - 20',737,'Happy new year','2022-02-01 12:13:20',NULL,'CONFIRMED'),(25,8,1,'2022-02-12 12:20:00','Carmiel - Veead - 125',557.6,NULL,'2022-02-01 12:15:10',NULL,'CONFIRMED'),(26,9,1,'2022-02-15 12:20:00',NULL,318.4,NULL,'2022-02-02 12:17:25',NULL,'CONFIRMED'),(27,9,1,'2022-02-25 12:20:00','Kiryat Bialik - Haim - 34',233,NULL,'2022-02-02 12:21:33',NULL,'CONFIRMED'),(28,6,1,'2022-02-20 12:20:00','Karmiel - Tzvi - 15',237.6,'Thanks so much','2022-02-04 12:21:36',NULL,'CONFIRMED'),(29,9,1,'2022-02-25 12:20:00',NULL,576,NULL,'2022-02-06 12:22:29',NULL,'CONFIRMED'),(30,8,1,'2022-02-12 12:20:00','Carmiel - L-Building - 148',366,NULL,'2022-02-06 12:23:19',NULL,'CONFIRMED'),(31,6,1,'2022-02-25 12:20:00',NULL,447,'Appriciate you so much','2022-02-08 12:23:51',NULL,'CONFIRMED'),(32,9,1,'2022-02-15 08:30:00',NULL,1043,NULL,'2022-02-11 12:24:03',NULL,'CONFIRMED'),(33,8,1,'2022-06-17 19:00:00',NULL,2764,'Best wishes!!!!!!!!!!!!! ','2022-02-15 12:24:56',NULL,'CONFIRMED'),(34,6,1,'2022-02-25 19:50:00','Karmiel - Hermon - 30',423.4,NULL,'2022-02-15 12:25:22',NULL,'CONFIRMED'),(35,9,1,'2022-02-21 09:00:00','Akko - Neumi - 4',1075.2,'I love you babe ?','2022-02-15 12:26:59',NULL,'CONFIRMED'),(36,8,1,'2023-02-27 08:00:00',NULL,1048.95,'Happy Hanuka! <3','2022-02-06 12:27:42',NULL,'CONFIRMED'),(37,5,1,'2022-02-23 15:40:00','Karmiel - Hanasi - 24',628,'Thanksss','2022-02-15 12:29:35',NULL,'CONFIRMED'),(38,9,1,'2022-02-19 13:00:00','Naharya - HaShalom - 67',447,'Hope you like it !','2022-02-17 12:31:12',NULL,'CONFIRMED'),(39,5,1,'2022-02-15 18:50:00',NULL,696,NULL,'2022-02-18 12:31:25',NULL,'CONFIRMED'),(40,9,1,'2022-02-23 14:00:00',NULL,315.2,'This is for G16 ?','2022-02-20 12:32:08',NULL,'CONFIRMED'),(41,8,1,'2022-03-08 17:00:00','Ashdod - Vradim - 90',1022.5,NULL,'2022-03-06 12:32:32',NULL,'CONFIRMED'),(42,5,1,'2022-02-22 11:30:00',NULL,208,NULL,'2022-02-21 12:33:44',NULL,'CONFIRMED'),(43,8,1,'2022-02-20 15:25:00',NULL,586,NULL,'2022-02-08 12:33:44',NULL,'CONFIRMED'),(44,9,1,'2022-02-22 12:00:00','Haifa - HaHashmonaim - 29',1495,NULL,'2022-02-20 12:34:12',NULL,'CONFIRMED'),(45,8,1,'2022-02-26 12:00:00',NULL,1171.45,'Enjoy my love!!!','2022-02-21 12:34:22',NULL,'CONFIRMED'),(46,8,1,'2022-02-24 18:30:00','Massad - Shavut - 23',645,NULL,'2022-02-22 12:36:26',NULL,'CONFIRMED'),(47,9,1,'2022-02-28 10:00:00','Haifa - Lod - 33',387,NULL,'2022-02-25 12:36:58',NULL,'CONFIRMED'),(48,9,1,'2022-06-21 15:00:00',NULL,909,NULL,'2022-03-08 12:37:28',NULL,'CONFIRMED'),(49,9,1,'2022-06-15 10:00:00','Haifa - Ibn Gabirol - 41',442.5,NULL,'2022-03-09 12:38:20',NULL,'CONFIRMED'),(50,8,1,'2022-06-26 13:30:00',NULL,1443,'Heheheeee','2022-03-06 12:38:29',NULL,'CONFIRMED'),(51,9,1,'2022-04-17 14:00:00',NULL,297,NULL,'2022-03-10 12:38:50',NULL,'CONFIRMED'),(52,8,1,'2022-04-25 19:00:00','Haifa - Ha-Aztmaaot - 28',2349.5,NULL,'2022-03-23 12:39:34',NULL,'CONFIRMED'),(53,4,1,'2022-06-24 15:40:00',NULL,796,'Have fun','2022-03-24 13:33:21',NULL,'CONFIRMED'),(54,4,1,'2022-10-12 19:00:00',NULL,251.95,NULL,'2022-03-25 13:34:05',NULL,'CONFIRMED'),(55,9,1,'2022-04-26 10:00:00','Haifa - Haazmaot - 71',474.5,NULL,'2022-03-26 13:34:22',NULL,'CONFIRMED'),(56,4,1,'2022-10-18 15:00:00',NULL,2026.45,NULL,'2022-03-25 13:34:42',NULL,'CONFIRMED'),(57,9,1,'2022-04-27 20:00:00','Haifa - Hanamal - 17',824,NULL,'2022-03-26 13:37:23',NULL,'CONFIRMED'),(58,4,2,'2022-08-23 14:00:00','Shoam - Vered - 104',907,'I love you!','2022-01-06 13:38:14',NULL,'CONFIRMED'),(59,4,2,'2022-08-30 15:00:00',NULL,354,NULL,'2022-01-07 13:39:04',NULL,'CONFIRMED'),(60,9,2,'2022-06-08 11:00:00','Haifa - Derech Jaffa - 46',656,'Dear Dana,\nWish you all the best!','2022-01-08 13:39:17',NULL,'CONFIRMED'),(61,4,2,'2022-06-25 15:00:00',NULL,1038.2,NULL,'2022-01-10 13:40:34',NULL,'CONFIRMED'),(62,9,2,'2022-06-11 14:00:00',NULL,416,NULL,'2022-01-12 13:40:56',NULL,'CONFIRMED'),(63,9,2,'2022-06-25 09:00:00',NULL,755,NULL,'2022-01-15 13:41:39',NULL,'CONFIRMED'),(64,4,2,'2022-10-04 17:00:00','Sderot - Alon - 93',925,'Anat please give a good grade in UI class! we love you!!','2022-01-20 13:42:08',NULL,'CONFIRMED'),(65,5,2,'2022-02-18 12:00:00',NULL,722,NULL,'2022-01-25 13:47:26',NULL,'CONFIRMED'),(66,5,2,'2022-02-16 14:30:00','Tel Aviv - Derech HaShalom - 64',447,NULL,'2022-02-04 13:49:28',NULL,'CONFIRMED'),(67,3,3,'2022-03-24 14:00:00','Modeein - Yashua - 28',677.7,'if you see this in next semester, RUN!!!!!!!!','2022-02-06 13:49:58',NULL,'CONFIRMED'),(68,5,3,'2022-02-21 08:00:00','Tel Aviv - Ein Dor - 11',186.2,NULL,'2022-02-15 13:50:20',NULL,'CONFIRMED'),(69,4,3,'2022-03-24 12:30:00','Tel Aviv - Hamegenim - 39',1396,NULL,'2022-02-20 13:52:58',NULL,'CONFIRMED'),(70,1,1,'2022-02-28 12:00:00',NULL,398,NULL,'2022-02-25 17:20:14',NULL,'CONFIRMED'),(71,1,2,'2022-03-10 10:00:00','Haifa - Rotchild - 42',1195,NULL,'2022-03-06 17:20:58',NULL,'CONFIRMED'),(72,6,2,'2022-03-11 12:20:00',NULL,636,NULL,'2022-03-10 17:21:01',NULL,'CONFIRMED'),(73,1,2,'2022-03-20 09:00:00','Haifa - Harishonim - 22',315,'This is for you babe <3','2022-03-15 17:21:32',NULL,'CONFIRMED'),(74,1,2,'2022-03-17 11:00:00','Haifa - Hameginim - 21',500.25,NULL,'2022-03-17 17:21:59',NULL,'CONFIRMED'),(75,1,2,'2022-03-22 10:00:00',NULL,694.5,NULL,'2022-03-20 17:22:20',NULL,'CONFIRMED'),(76,1,2,'2022-03-26 09:00:00',NULL,467,NULL,'2022-03-25 17:22:42',NULL,'CONFIRMED');
/*!40000 ALTER TABLE `orders` ENABLE KEYS */;
UNLOCK TABLES;

--
-- Table structure for table `products`
--

DROP TABLE IF EXISTS `products`;
/*!40101 SET @saved_cs_client     = @@character_set_client */;
 SET character_set_client = utf8mb4 ;
CREATE TABLE `products` (
  `product_id` int(11) NOT NULL,
  `item_id` int(11) NOT NULL,
  `amount` int(11) DEFAULT NULL,
  PRIMARY KEY (`product_id`,`item_id`),
  KEY `item_id_fk` (`item_id`),
  CONSTRAINT `item_id_fk` FOREIGN KEY (`item_id`) REFERENCES `items` (`id`) ON DELETE CASCADE,
  CONSTRAINT `product_id` FOREIGN KEY (`product_id`) REFERENCES `items` (`id`) ON DELETE CASCADE
) ENGINE=InnoDB DEFAULT CHARSET=utf8mb4 COLLATE=utf8mb4_0900_ai_ci;
/*!40101 SET character_set_client = @saved_cs_client */;

--
-- Dumping data for table `products`
--

LOCK TABLES `products` WRITE;
/*!40000 ALTER TABLE `products` DISABLE KEYS */;
INSERT INTO `products` VALUES (1,36,3),(1,37,3),(1,38,10),(1,41,1),(2,36,2),(2,37,15),(2,39,1),(3,35,5),(3,36,5),(3,37,8),(3,38,2),(3,39,1),(4,36,15),(4,37,15),(4,39,1),(6,35,7),(6,36,7),(6,37,7),(6,40,1),(7,35,15),(7,40,1),(8,37,15),(8,40,1),(9,36,7),(9,37,8),(9,40,1),(10,36,15),(10,40,1),(11,38,15),(11,40,1),(15,41,1),(16,41,1),(17,41,1),(18,40,1),(19,36,18),(20,35,4),(20,37,8),(20,38,4),(20,40,1),(21,7,1),(21,8,1),(21,40,1),(22,11,1),(22,39,4),(22,40,1),(23,8,1),(23,36,3),(23,38,3),(23,39,1),(24,8,1),(24,36,4),(24,37,4),(24,40,1),(25,8,2),(25,36,5),(25,37,4),(25,40,1),(26,8,1),(26,37,13),(26,39,1),(27,23,1),(27,35,7),(27,36,8),(27,40,1),(28,8,1),(28,39,5),(28,40,1),(30,35,9),(30,37,9),(30,40,1),(33,35,4),(33,37,3),(33,40,1),(42,14,2),(42,16,1),(43,14,1),(43,16,1),(43,18,2),(43,21,1),(44,2,1),(44,3,1),(44,4,1),(44,8,1),(44,13,1),(45,24,1),(45,29,1),(45,30,1),(45,32,1),(46,5,1),(46,18,1),(46,32,1),(46,34,1),(46,36,1),(47,37,1),(47,38,1),(50,5,1),(50,13,1);
/*!40000 ALTER TABLE `products` ENABLE KEYS */;
UNLOCK TABLES;

--
-- Table structure for table `questions_in_survey`
--

DROP TABLE IF EXISTS `questions_in_survey`;
/*!40101 SET @saved_cs_client     = @@character_set_client */;
 SET character_set_client = utf8mb4 ;
CREATE TABLE `questions_in_survey` (
  `question_id` int(11) NOT NULL AUTO_INCREMENT,
  `survey_id` int(11) NOT NULL,
  `question` varchar(100) NOT NULL,
  `amount_participants` int(11) NOT NULL DEFAULT '0',
  `rating_avg` double NOT NULL DEFAULT '0',
  PRIMARY KEY (`question_id`,`survey_id`),
  KEY `survey_id_fkk_idx` (`survey_id`),
  CONSTRAINT `survey_id_fkk` FOREIGN KEY (`survey_id`) REFERENCES `survey` (`id`)
) ENGINE=InnoDB AUTO_INCREMENT=33 DEFAULT CHARSET=utf8mb4 COLLATE=utf8mb4_0900_ai_ci;
/*!40101 SET character_set_client = @saved_cs_client */;

--
-- Dumping data for table `questions_in_survey`
--

LOCK TABLES `questions_in_survey` WRITE;
/*!40000 ALTER TABLE `questions_in_survey` DISABLE KEYS */;
INSERT INTO `questions_in_survey` VALUES (1,1,'Rank how was  your purchase experience in one of our Tel Aviv store branches?',10,9.5),(2,1,'Rank how well did the store staff helped you with your purchase.',10,6.2),(3,1,'Rank your satisfaction with the order you recieved from that branch.',10,9.1),(4,1,'Do you think the value you get in relation to the price you paid is worth it?',10,8.9),(5,1,'How often do you purhcase in our of Zerli Tel Aviv stores?',10,7),(6,1,'Rank how likely are you to suggest us to one of your friends and family?',10,7.3),(8,2,'Are you happy with your purchase experience?',15,7.3),(10,2,'Are you satisfied  with the products you recieved?',15,8.6),(11,2,'Did the sale promo encouraged you to buy our products?',15,8.2),(12,2,'Would you be interseted in reciving further sales and discount notifications from us?',15,7.3),(13,2,'Do you think that the sale and discounts were worth it?',15,8.5),(14,2,'Rank how likely are you to suggest us to one of your friends and family?',15,8.6),(15,3,'Rank how was  your purchase experience in one of our Hafia store?',15,8.4),(16,3,'Rank how well did the store staff helped you with your purchase.',15,7.3),(17,3,'Rank your satisfaction with the order you recieved from the store.',15,7.8),(18,3,'Do you think the value you get in relation to the price you paid is worth it?',15,6.7),(19,3,'Would you return to the store and purchase again?',15,7.1),(20,3,'Rank how likely are you to suggest us to one of your friends and family?',15,8.5),(21,4,'Rank how was  your purchase experience in our app?',17,7.6),(22,4,'Was the interface easy to understand?',17,7.8),(23,4,'Did you find everything you needed without trouble?',17,8.6),(24,4,'Are you satisfied with the loading times on our app?',17,9.1),(25,4,'Do you think that there are missing features in our app?',17,6.7),(26,4,'Rank how likely are you to suggest us to one of your friends and family?',17,7.8),(27,5,'Did you find everything you wanted in our website?',13,8.5),(28,5,'Did the custom product you received matched your expectations?',13,8.3),(29,5,'How often do you create your own custom items?',13,8.9),(30,5,'How well did you understand our app and the creation process of your custom item?',13,9.1),(31,5,'Did you find your custom item worth it\'s value?',13,9.2),(32,5,'Rank how likely are you to suggest us to one of your friends and family?',13,8.5);
/*!40000 ALTER TABLE `questions_in_survey` ENABLE KEYS */;
UNLOCK TABLES;

--
-- Table structure for table `reports`
--

DROP TABLE IF EXISTS `reports`;
/*!40101 SET @saved_cs_client     = @@character_set_client */;
 SET character_set_client = utf8mb4 ;
CREATE TABLE `reports` (
  `id` int(11) NOT NULL AUTO_INCREMENT,
  `store_id` int(11) DEFAULT NULL,
  `creation_date` datetime NOT NULL DEFAULT CURRENT_TIMESTAMP,
  `type` enum('INCOME','COMPLAINTS','ORDERS') NOT NULL,
  `duration_type` enum('MONTHLY','QUARTERLY') NOT NULL,
  `content` blob NOT NULL,
  PRIMARY KEY (`id`)
) ENGINE=InnoDB AUTO_INCREMENT=38 DEFAULT CHARSET=utf8mb4 COLLATE=utf8mb4_0900_ai_ci;
/*!40101 SET character_set_client = @saved_cs_client */;

--
-- Dumping data for table `reports`
--

LOCK TABLES `reports` WRITE;
/*!40000 ALTER TABLE `reports` DISABLE KEYS */;
INSERT INTO `reports` VALUES (1,1,'2022-02-01 18:26:34','COMPLAINTS','MONTHLY',_binary '\\0sr\0java.util.HashMap\\`\\0F\0\nloadFactorI\0	thresholdxp?@\0\0\0\0\0w\0\0\0 \0\0\0t\011sr\0java.lang.Integer8\0I\0valuexr\0java.lang.Number\\0\0xp\0\0\0t\022sq\0~\0\0\0\0t\013sq\0~\0\0\0\0t\024q\0~\0t\025q\0~\0t\014q\0~\0t\015q\0~\0	t\026q\0~\0t\016sq\0~\0\0\0\0t\027q\0~\0t\017q\0~\0	t\018q\0~\0t\019q\0~\0t\01q\0~\0t\05q\0~\0	t\06q\0~\0t\07q\0~\0t\08q\0~\0	t\09q\0~\0	t\020q\0~\0	t\010q\0~\0	t\021q\0~\0x'),(2,2,'2022-02-01 18:26:34','COMPLAINTS','MONTHLY',_binary '\\0sr\0java.util.HashMap\\`\\0F\0\nloadFactorI\0	thresholdxp?@\0\0\0\0\0w\0\0\0 \0\0\0t\011sr\0java.lang.Integer8\0I\0valuexr\0java.lang.Number\\0\0xp\0\0\0t\013sq\0~\0\0\0\0t\024sq\0~\0\0\0\0t\025q\0~\0	t\014q\0~\0t\015q\0~\0t\026q\0~\0	t\016q\0~\0	t\017q\0~\0	t\018q\0~\0t\019q\0~\0t\01q\0~\0t\02q\0~\0	t\03q\0~\0t\04q\0~\0	t\06q\0~\0t\08q\0~\0t\020sq\0~\0\0\0\0t\021q\0~\0t\010q\0~\0	x'),(3,3,'2022-02-01 18:26:34','COMPLAINTS','MONTHLY',_binary '\\0sr\0java.util.HashMap\\`\\0F\0\nloadFactorI\0	thresholdxp?@\0\0\0\0\0w\0\0\0 \0\0\0t\011sr\0java.lang.Integer8\0I\0valuexr\0java.lang.Number\\0\0xp\0\0\0t\022sq\0~\0\0\0\0t\012sq\0~\0\0\0\0t\023q\0~\0t\013sq\0~\0\0\0\0t\024sq\0~\0\0\0\0t\014q\0~\0t\026q\0~\0t\027q\0~\0t\016q\0~\0t\017q\0~\0t\01q\0~\0	t\02q\0~\0t\03q\0~\0t\04q\0~\0t\05q\0~\0t\06q\0~\0t\07q\0~\0t\08sq\0~\0\0\0\0t\09q\0~\0t\020q\0~\0t\021q\0~\0t\010q\0~\0x'),(4,1,'2022-03-01 18:26:34','COMPLAINTS','MONTHLY',_binary '\\0sr\0java.util.HashMap\\`\\0F\0\nloadFactorI\0	thresholdxp?@\0\0\0\0\0w\0\0\0 \0\0\0t\022sr\0java.lang.Integer8\0I\0valuexr\0java.lang.Number\\0\0xp\0\0\0t\011sq\0~\0\0\0\0t\012q\0~\0t\013q\0~\0t\025q\0~\0t\014q\0~\0t\015q\0~\0t\017q\0~\0t\018q\0~\0t\01q\0~\0t\03q\0~\0t\04q\0~\0t\05q\0~\0t\06q\0~\0t\07q\0~\0t\08sq\0~\0\0\0\0t\09sq\0~\0\0\0\0t\020q\0~\0t\010q\0~\0x'),(5,2,'2022-03-01 18:26:34','COMPLAINTS','MONTHLY',_binary '\\0sr\0java.util.HashMap\\`\\0F\0\nloadFactorI\0	thresholdxp?@\0\0\0\0\0w\0\0\0 \0\0\0t\011sr\0java.lang.Integer8\0I\0valuexr\0java.lang.Number\\0\0xp\0\0\0t\022sq\0~\0\0\0\0t\023sq\0~\0\0\0\0t\012q\0~\0t\013q\0~\0t\024q\0~\0t\025q\0~\0	t\015q\0~\0	t\016q\0~\0t\027q\0~\0t\018q\0~\0t\019q\0~\0t\01q\0~\0t\03q\0~\0t\04q\0~\0	t\06sq\0~\0\0\0\0t\07q\0~\0t\08q\0~\0t\010q\0~\0x'),(6,3,'2022-03-01 18:26:34','COMPLAINTS','MONTHLY',_binary '\\0sr\0java.util.HashMap\\`\\0F\0\nloadFactorI\0	thresholdxp?@\0\0\0\0\0w\0\0\0 \0\0\0t\022sr\0java.lang.Integer8\0I\0valuexr\0java.lang.Number\\0\0xp\0\0\0t\023q\0~\0t\012sq\0~\0\0\0\0t\013q\0~\0t\024q\0~\0t\014q\0~\0t\015q\0~\0t\026sq\0~\0\0\0\0t\027sq\0~\0\0\0\0t\016q\0~\0t\017q\0~\0t\019q\0~\0t\01q\0~\0t\02q\0~\0t\03sq\0~\0\0\0\0t\04q\0~\0t\05q\0~\0t\07q\0~\0t\09q\0~\0t\020q\0~\0t\021q\0~\0t\010q\0~\0x'),(7,1,'2022-04-01 18:26:34','COMPLAINTS','MONTHLY',_binary '\\0sr\0java.util.HashMap\\`\\0F\0\nloadFactorI\0	thresholdxp?@\0\0\0\0\0w\0\0\0 \0\0\0t\011sr\0java.lang.Integer8\0I\0valuexr\0java.lang.Number\\0\0xp\0\0\0t\022q\0~\0t\012sq\0~\0\0\0\0t\023sq\0~\0\0\0\0t\014sq\0~\0\0\0\0t\025q\0~\0\nt\015q\0~\0\nt\026q\0~\0\nt\016q\0~\0\nt\027q\0~\0\nt\017q\0~\0\nt\018q\0~\0t\019q\0~\0\nt\01q\0~\0\nt\02q\0~\0t\04q\0~\0\nt\06q\0~\0\nt\07q\0~\0\nt\08q\0~\0\nt\020q\0~\0t\021q\0~\0x'),(8,2,'2022-04-01 18:26:34','COMPLAINTS','MONTHLY',_binary '\\0sr\0java.util.HashMap\\`\\0F\0\nloadFactorI\0	thresholdxp?@\0\0\0\0\0w\0\0\0 \0\0\0t\022sr\0java.lang.Integer8\0I\0valuexr\0java.lang.Number\\0\0xp\0\0\0t\011q\0~\0t\012sq\0~\0\0\0\0t\014sq\0~\0\0\0\0t\025q\0~\0t\026q\0~\0t\016q\0~\0t\027q\0~\0\nt\017q\0~\0\nt\018q\0~\0t\019q\0~\0t\01sq\0~\0\0\0\0t\02q\0~\0t\03q\0~\0t\05q\0~\0t\06q\0~\0t\07q\0~\0t\09q\0~\0t\020q\0~\0t\010q\0~\0x'),(9,3,'2022-04-01 18:26:34','COMPLAINTS','MONTHLY',_binary '\\0sr\0java.util.HashMap\\`\\0F\0\nloadFactorI\0	thresholdxp?@\0\0\0\0\0w\0\0\0 \0\0\0t\022sr\0java.lang.Integer8\0I\0valuexr\0java.lang.Number\\0\0xp\0\0\0t\012sq\0~\0\0\0\0t\023q\0~\0t\024sq\0~\0\0\0\0t\014q\0~\0\nt\025q\0~\0t\026sq\0~\0\0\0\0t\015q\0~\0t\027q\0~\0t\016q\0~\0\nt\017q\0~\0t\01q\0~\0t\03q\0~\0t\04q\0~\0t\05q\0~\0t\06q\0~\0\nt\07q\0~\0t\08q\0~\0t\010q\0~\0t\021q\0~\0x'),(10,1,'2022-04-01 18:31:37','COMPLAINTS','QUARTERLY',_binary '\\0sr\0java.util.HashMap\\`\\0F\0\nloadFactorI\0	thresholdxp?@\0\0\0\0\0w\0\0\0\0\0\0t\01sr\0java.lang.Integer8\0I\0valuexr\0java.lang.Number\\0\0xp\0\0\0)t\02sq\0~\0\0\0\0!t\03q\0~\0x'),(11,2,'2022-04-01 18:31:37','COMPLAINTS','QUARTERLY',_binary '\\0sr\0java.util.HashMap\\`\\0F\0\nloadFactorI\0	thresholdxp?@\0\0\0\0\0w\0\0\0\0\0\0t\01sr\0java.lang.Integer8\0I\0valuexr\0java.lang.Number\\0\0xp\0\0\0&t\02sq\0~\0\0\0\0#t\03sq\0~\0\0\0\0!x'),(12,3,'2022-04-01 18:31:37','COMPLAINTS','QUARTERLY',_binary '\\0sr\0java.util.HashMap\\`\\0F\0\nloadFactorI\0	thresholdxp?@\0\0\0\0\0w\0\0\0\0\0\0t\01sr\0java.lang.Integer8\0I\0valuexr\0java.lang.Number\\0\0xp\0\0\0;t\02sq\0~\0\0\0\0+t\03sq\0~\0\0\0\0(x'),(13,1,'2022-02-01 18:26:34','INCOME','MONTHLY',_binary '\\0sr\0java.util.HashMap\\`\\0F\0\nloadFactorI\0	thresholdxp?@\0\0\0\0\0w\0\0\0 \0\0\0\rt\011sr\0java.lang.Double\J)k\0D\0valuexr\0java.lang.Number\\0\0xp@\\0\0\0\0\0t\012sq\0~\0@\0\0\0\0\0t\025sq\0~\0@x\ffffft\027sq\0~\0@<\0\0\0\0\0t\028sq\0~\0@\0\0\0\0\0t\01sq\0~\0@\33333t\03sq\0~\0@\0\0\0\0\0t\04sq\0~\0@T\0\0\0\0\0t\05sq\0~\0@<\0\0\0\0\0t\08sq\0~\0@\\\\\t\09sq\0~\0@\0\0\0\0\0t\020sq\0~\0@\0\0\0\0\0\0t\010sq\0~\0@\\\\\x'),(14,2,'2022-02-01 18:26:34','INCOME','MONTHLY',_binary '\\0sr\0java.util.HashMap\\`\\0F\0\nloadFactorI\0	thresholdxp?@\0\0\0\0\0w\0\0\0\0\0\0t\012sr\0java.lang.Double\J)k\0D\0valuexr\0java.lang.Number\\0\0xp@z\0\0\0\0\0\0t\025sq\0~\0@\0\0\0\0\0t\015sq\0~\0@\0\0\0\0\0t\06sq\0~\0@X\0\0\0\0\0t\07sq\0~\0@v \0\0\0\0\0t\08sq\0~\0@\0\0\0\0\0t\020sq\0~\0@\\0\0\0\0\0t\010sq\0~\0@8\\\\\x'),(15,3,'2022-02-01 18:26:34','INCOME','MONTHLY',_binary '\\0sr\0java.util.HashMap\\`\\0F\0\nloadFactorI\0	thresholdxp?@\0\0\0\0\0\0w\0\0\0\0\0\0\0x'),(16,1,'2022-03-01 18:26:34','INCOME','MONTHLY',_binary '\\0sr\0java.util.HashMap\\`\\0F\0\nloadFactorI\0	thresholdxp?@\0\0\0\0\0w\0\0\0 \0\0\0\rt\011sr\0java.lang.Double\J)k\0D\0valuexr\0java.lang.Number\\0\0xp@L\0\0\0\0\0t\022sq\0~\0@(\0\0\0\0\0t\025sq\0~\0@\0\0\0\0\0t\015sq\0~\0@\Zt\017sq\0~\0@{\0\0\0\0\0t\018sq\0~\0@\0\0\0\0\0t\01sq\0~\0@:ffffft\02sq\0~\0@;33333t\04sq\0~\0@m33333t\06sq\0~\0@\\\\\t\08sq\0~\0@$\0\0\0\0\0t\020sq\0~\0@H\\\\\t\021sq\0~\0@\\\\\x'),(17,2,'2022-03-01 18:26:34','INCOME','MONTHLY',_binary '\\0sr\0java.util.HashMap\\`\\0F\0\nloadFactorI\0	thresholdxp?@\0\0\0\0\0w\0\0\0\0\0\0t\04sr\0java.lang.Double\J)k\0D\0valuexr\0java.lang.Number\\0\0xp@{\0\0\0\0\0x'),(18,3,'2022-03-01 18:26:34','INCOME','MONTHLY',_binary '\\0sr\0java.util.HashMap\\`\\0F\0\nloadFactorI\0	thresholdxp?@\0\0\0\0\0w\0\0\0\0\0\0t\015sr\0java.lang.Double\J)k\0D\0valuexr\0java.lang.Number\\0\0xp@gFffffft\06sq\0~\0@-t\020sq\0~\0@\\0\0\0\0\0x'),(19,1,'2022-04-01 18:26:34','INCOME','MONTHLY',_binary '\\0sr\0java.util.HashMap\\`\\0F\0\nloadFactorI\0	thresholdxp?@\0\0\0\0\0w\0\0\0\0\0\0t\023sr\0java.lang.Double\J)k\0D\0valuexr\0java.lang.Number\\0\0xp@[\0\0\0\0\0t\024sq\0~\0@\\0\0\0\0\0t\025sq\0~\0@\\\\\\t\026sq\0~\0@J\0\0\0\0\0t\06sq\0~\0@C\0\0\0\0\0t\08sq\0~\0@h\0\0\0\0\0t\09sq\0~\0@{\0\0\0\0\0t\010sq\0~\0@r\0\0\0\0\0x'),(20,2,'2022-04-01 18:26:34','INCOME','MONTHLY',_binary '\\0sr\0java.util.HashMap\\`\\0F\0\nloadFactorI\0	thresholdxp?@\0\0\0\0\0w\0\0\0\0\0\0t\025sr\0java.lang.Double\J)k\0D\0valuexr\0java.lang.Number\\0\0xp@}0\0\0\0\0\0t\015sq\0~\0@s\0\0\0\0\0t\06sq\0~\0@\0\0\0\0\0t\017sq\0~\0@D\0\0\0\0\0t\020sq\0~\0@\0\0\0\0\0t\010sq\0~\0@\\0\0\0\0\0x'),(21,3,'2022-04-01 18:26:34','INCOME','MONTHLY',_binary '\\0sr\0java.util.HashMap\\`\\0F\0\nloadFactorI\0	thresholdxp?@\0\0\0\0\0\0w\0\0\0\0\0\0\0x'),(22,1,'2022-04-01 18:26:34','INCOME','QUARTERLY',_binary '\\0sr\0java.util.HashMap\\`\\0F\0\nloadFactorI\0	thresholdxp?@\0\0\0\0\0w\0\0\0\0\0\0t\01sr\0java.lang.Double\J)k\0D\0valuexr\0java.lang.Number\\0\0xp@\P\\\\t\02sq\0~\0@\h3334t\03sq\0~\0@\*33333x'),(23,2,'2022-04-01 18:26:34','INCOME','QUARTERLY',_binary '\\0sr\0java.util.HashMap\\`\\0F\0\nloadFactorI\0	thresholdxp?@\0\0\0\0\0w\0\0\0\0\0\0t\01sr\0java.lang.Double\J)k\0D\0valuexr\0java.lang.Number\\0\0xp@33333t\02sq\0~\0@{\0\0\0\0\0t\03sq\0~\0@\0\0\0\0x'),(24,3,'2022-04-01 18:26:34','INCOME','QUARTERLY',_binary '\\0sr\0java.util.HashMap\\`\\0F\0\nloadFactorI\0	thresholdxp?@\0\0\0\0\0w\0\0\0\0\0\0t\02sr\0java.lang.Double\J)k\0D\0valuexr\0java.lang.Number\\0\0xp@\\\\\x'),(25,NULL,'2022-04-01 18:26:34','INCOME','QUARTERLY',_binary '\\0sr\0java.util.HashMap\\`\\0F\0\nloadFactorI\0	thresholdxp?@\0\0\0\0\0w\0\0\0\0\0\0t\0Haifa Storesr\0java.lang.Double\J)k\0D\0valuexr\0java.lang.Number\\0\0xp@t\0	TLV Storesq\0~\0@\\\\\t\0Braude Storesq\0~\0@\\'\\\\x'),(26,1,'2022-02-01 18:26:34','ORDERS','MONTHLY',_binary '\\0sr\0javafx.util.Pair\\\\\a\0L\0keyt\0Ljava/lang/Object;L\0valueq\0~\0xpsr\0java.util.HashMap\\`\\0F\0\nloadFactorI\0	thresholdxp?@\0\0\0\0\0w\0\0\0\0\0\0t\0Productsr\0java.lang.Integer8\0I\0valuexr\0java.lang.Number\\0\0xp\0\0\0Vt\0Custom Itemsq\0~\0\0\0\0\0t\0Single Itemsq\0~\0\0\0\0xsr\0classes.Item4{4\0	I\0discountPercentageZ\0	isProductD\0priceL\0	accountIDt\0Ljava/lang/Integer;L\0colort\0Ljava/lang/String;L\0idq\0~\0L\0imageSrcq\0~\0L\0itemsMapt\0Ljava/util/HashMap;L\0nameq\0~\0xp\0\0\0\0@h\\0\0\0\0\0pt\0PINKsq\0~\0\0\0\0t\0./resources/flowers/Beautiful_Spirit_Basket.pngpt\0\rSpirit Basket'),(27,2,'2022-02-01 18:26:34','ORDERS','MONTHLY',_binary '\\0sr\0javafx.util.Pair\\\\\a\0L\0keyt\0Ljava/lang/Object;L\0valueq\0~\0xpsr\0java.util.HashMap\\`\\0F\0\nloadFactorI\0	thresholdxp?@\0\0\0\0\0w\0\0\0\0\0\0t\0Productsr\0java.lang.Integer8\0I\0valuexr\0java.lang.Number\\0\0xp\0\0\0t\0Custom Itemsq\0~\0\0\0\0t\0Single Itemsq\0~\0\0\0\0xsr\0classes.Item4{4\0	I\0discountPercentageZ\0	isProductD\0priceL\0	accountIDt\0Ljava/lang/Integer;L\0colort\0Ljava/lang/String;L\0idq\0~\0L\0imageSrcq\0~\0L\0itemsMapt\0Ljava/util/HashMap;L\0nameq\0~\0xp\0\0\0\0@c\\0\0\0\0\0pt\0ORANGEsq\0~\0\0\0\0t\0&/resources/flowers/An_Orange_Dream.pngpt\0An Orange Dream'),(28,3,'2022-02-01 18:26:34','ORDERS','MONTHLY',_binary '\\0sr\0javafx.util.Pair\\\\\a\0L\0keyt\0Ljava/lang/Object;L\0valueq\0~\0xpsr\0java.util.HashMap\\`\\0F\0\nloadFactorI\0	thresholdxp?@\0\0\0\0\0w\0\0\0\0\0\0t\0Productsr\0java.lang.Integer8\0I\0valuexr\0java.lang.Number\\0\0xp\0\0\0\0t\0Custom Itemq\0~\0t\0Single Itemq\0~\0xsr\0classes.Item4{4\0	I\0discountPercentageZ\0	isProductD\0priceL\0	accountIDt\0Ljava/lang/Integer;L\0colort\0Ljava/lang/String;L\0idq\0~\0L\0imageSrcq\0~\0\rL\0itemsMapt\0Ljava/util/HashMap;L\0nameq\0~\0\rxp\0\0\0\0\0\0\0\0\0\0\0\0\0ppq\0~\0ppp'),(29,1,'2022-03-01 18:26:34','ORDERS','MONTHLY',_binary '\\0sr\0javafx.util.Pair\\\\\a\0L\0keyt\0Ljava/lang/Object;L\0valueq\0~\0xpsr\0java.util.HashMap\\`\\0F\0\nloadFactorI\0	thresholdxp?@\0\0\0\0\0w\0\0\0\0\0\0t\0Productsr\0java.lang.Integer8\0I\0valuexr\0java.lang.Number\\0\0xp\0\0\0Nt\0Custom Itemsq\0~\0\0\0\0t\0Single Itemsq\0~\0\0\0\0xsr\0classes.Item4{4\0	I\0discountPercentageZ\0	isProductD\0priceL\0	accountIDt\0Ljava/lang/Integer;L\0colort\0Ljava/lang/String;L\0idq\0~\0L\0imageSrcq\0~\0L\0itemsMapt\0Ljava/util/HashMap;L\0nameq\0~\0xp\0\0\0\0@b\0\0\0\0\0pt\0YELLOWsq\0~\0\0\0\0t\0*/resources/flowers/Yellow_Rose_Bouquet.pngpt\0Y Rose Bouquet'),(30,2,'2022-03-01 18:26:34','ORDERS','MONTHLY',_binary '\\0sr\0javafx.util.Pair\\\\\a\0L\0keyt\0Ljava/lang/Object;L\0valueq\0~\0xpsr\0java.util.HashMap\\`\\0F\0\nloadFactorI\0	thresholdxp?@\0\0\0\0\0w\0\0\0\0\0\0t\0Productsr\0java.lang.Integer8\0I\0valuexr\0java.lang.Number\\0\0xp\0\0\0t\0Custom Itemsq\0~\0\0\0\0\0t\0Single Itemq\0~\0\nxsr\0classes.Item4{4\0	I\0discountPercentageZ\0	isProductD\0priceL\0	accountIDt\0Ljava/lang/Integer;L\0colort\0Ljava/lang/String;L\0idq\0~\0\rL\0imageSrcq\0~\0L\0itemsMapt\0Ljava/util/HashMap;L\0nameq\0~\0xp\0\0\0\0@b\0\0\0\0\0pt\0YELLOWsq\0~\0\0\0\0t\0*/resources/flowers/Yellow_Rose_Bouquet.pngpt\0Y Rose Bouquet'),(31,3,'2022-03-01 18:26:34','ORDERS','MONTHLY',_binary '\\0sr\0javafx.util.Pair\\\\\a\0L\0keyt\0Ljava/lang/Object;L\0valueq\0~\0xpsr\0java.util.HashMap\\`\\0F\0\nloadFactorI\0	thresholdxp?@\0\0\0\0\0w\0\0\0\0\0\0t\0Productsr\0java.lang.Integer8\0I\0valuexr\0java.lang.Number\\0\0xp\0\0\0t\0Custom Itemsq\0~\0\0\0\0t\0Single Itemsq\0~\0\0\0\0xsr\0classes.Item4{4\0	I\0discountPercentageZ\0	isProductD\0priceL\0	accountIDt\0Ljava/lang/Integer;L\0colort\0Ljava/lang/String;L\0idq\0~\0L\0imageSrcq\0~\0L\0itemsMapt\0Ljava/util/HashMap;L\0nameq\0~\0xp\0\0\0\0@xP\0\0\0\0\0pt\0PINKsq\0~\0\0\0\0t\0!/resources/flowers/Bellissimo.pngpt\0\nBellissimo'),(32,1,'2022-04-01 18:26:34','ORDERS','MONTHLY',_binary '\\0sr\0javafx.util.Pair\\\\\a\0L\0keyt\0Ljava/lang/Object;L\0valueq\0~\0xpsr\0java.util.HashMap\\`\\0F\0\nloadFactorI\0	thresholdxp?@\0\0\0\0\0w\0\0\0\0\0\0t\0Productsr\0java.lang.Integer8\0I\0valuexr\0java.lang.Number\\0\0xp\0\0\0!t\0Custom Itemsq\0~\0\0\0\0t\0Single Itemsq\0~\0\0\0\0xsr\0classes.Item4{4\0	I\0discountPercentageZ\0	isProductD\0priceL\0	accountIDt\0Ljava/lang/Integer;L\0colort\0Ljava/lang/String;L\0idq\0~\0L\0imageSrcq\0~\0L\0itemsMapt\0Ljava/util/HashMap;L\0nameq\0~\0xp\0\0\0\0@b\0\0\0\0\0pt\0	CHAMPAGNEsq\0~\0\0\0\0	t\0-/resources/flowers/Champagne_Rose_Bouquet.pngpt\0	Champagne'),(33,2,'2022-04-01 18:26:34','ORDERS','MONTHLY',_binary '\\0sr\0javafx.util.Pair\\\\\a\0L\0keyt\0Ljava/lang/Object;L\0valueq\0~\0xpsr\0java.util.HashMap\\`\\0F\0\nloadFactorI\0	thresholdxp?@\0\0\0\0\0w\0\0\0\0\0\0t\0Productsr\0java.lang.Integer8\0I\0valuexr\0java.lang.Number\\0\0xp\0\0\0t\0Custom Itemsq\0~\0\0\0\0\0t\0Single Itemsq\0~\0\0\0\0	xsr\0classes.Item4{4\0	I\0discountPercentageZ\0	isProductD\0priceL\0	accountIDt\0Ljava/lang/Integer;L\0colort\0Ljava/lang/String;L\0idq\0~\0L\0imageSrcq\0~\0L\0itemsMapt\0Ljava/util/HashMap;L\0nameq\0~\0xp\0\0\0\0@h\\0\0\0\0\0pt\0PINKsq\0~\0\0\0\0t\0./resources/flowers/Beautiful_Spirit_Basket.pngpt\0\rSpirit Basket'),(34,3,'2022-04-01 18:26:34','ORDERS','MONTHLY',_binary '\\0sr\0javafx.util.Pair\\\\\a\0L\0keyt\0Ljava/lang/Object;L\0valueq\0~\0xpsr\0java.util.HashMap\\`\\0F\0\nloadFactorI\0	thresholdxp?@\0\0\0\0\0w\0\0\0\0\0\0t\0Productsr\0java.lang.Integer8\0I\0valuexr\0java.lang.Number\\0\0xp\0\0\0\0t\0Custom Itemq\0~\0t\0Single Itemq\0~\0xsr\0classes.Item4{4\0	I\0discountPercentageZ\0	isProductD\0priceL\0	accountIDt\0Ljava/lang/Integer;L\0colort\0Ljava/lang/String;L\0idq\0~\0L\0imageSrcq\0~\0\rL\0itemsMapt\0Ljava/util/HashMap;L\0nameq\0~\0\rxp\0\0\0\0\0\0\0\0\0\0\0\0\0ppq\0~\0ppp'),(35,1,'2022-04-01 18:26:34','ORDERS','QUARTERLY',_binary '\\0sr\0javafx.util.Pair\\\\\a\0L\0keyt\0Ljava/lang/Object;L\0valueq\0~\0xpsr\0java.util.HashMap\\`\\0F\0\nloadFactorI\0	thresholdxp?@\0\0\0\0\0w\0\0\0\0\0\0t\0Productsr\0java.lang.Integer8\0I\0valuexr\0java.lang.Number\\0\0xp\0\0\0\t\0Custom Itemsq\0~\0\0\0\0t\0Single Itemsq\0~\0\0\0\0=xsr\0classes.Item4{4\0	I\0discountPercentageZ\0	isProductD\0priceL\0	accountIDt\0Ljava/lang/Integer;L\0colort\0Ljava/lang/String;L\0idq\0~\0L\0imageSrcq\0~\0L\0itemsMapt\0Ljava/util/HashMap;L\0nameq\0~\0xp\0\0\0\0@h\\0\0\0\0\0pt\0PINKsq\0~\0\0\0\0t\0./resources/flowers/Beautiful_Spirit_Basket.pngpt\0\rSpirit Basket'),(36,2,'2022-04-01 18:26:34','ORDERS','QUARTERLY',_binary '\\0sr\0javafx.util.Pair\\\\\a\0L\0keyt\0Ljava/lang/Object;L\0valueq\0~\0xpsr\0java.util.HashMap\\`\\0F\0\nloadFactorI\0	thresholdxp?@\0\0\0\0\0w\0\0\0\0\0\0t\0Productsr\0java.lang.Integer8\0I\0valuexr\0java.lang.Number\\0\0xp\0\0\0+t\0Custom Itemsq\0~\0\0\0\0t\0Single Itemsq\0~\0\0\0\0xsr\0classes.Item4{4\0	I\0discountPercentageZ\0	isProductD\0priceL\0	accountIDt\0Ljava/lang/Integer;L\0colort\0Ljava/lang/String;L\0idq\0~\0L\0imageSrcq\0~\0L\0itemsMapt\0Ljava/util/HashMap;L\0nameq\0~\0xp\0\0\0\0@M\0\0\0\0\0pt\0GREENsq\0~\0\0\0\0t\00/resources/flowers/Curly_Dracaena_Lemon_Lime.pngpt\0Curly Dracaena'),(37,3,'2022-04-01 18:26:34','ORDERS','QUARTERLY',_binary '\\0sr\0javafx.util.Pair\\\\\a\0L\0keyt\0Ljava/lang/Object;L\0valueq\0~\0xpsr\0java.util.HashMap\\`\\0F\0\nloadFactorI\0	thresholdxp?@\0\0\0\0\0w\0\0\0\0\0\0t\0Productsr\0java.lang.Integer8\0I\0valuexr\0java.lang.Number\\0\0xp\0\0\0t\0Custom Itemsq\0~\0\0\0\0t\0Single Itemsq\0~\0\0\0\0xsr\0classes.Item4{4\0	I\0discountPercentageZ\0	isProductD\0priceL\0	accountIDt\0Ljava/lang/Integer;L\0colort\0Ljava/lang/String;L\0idq\0~\0L\0imageSrcq\0~\0L\0itemsMapt\0Ljava/util/HashMap;L\0nameq\0~\0xp\0\0\0\0@xP\0\0\0\0\0pt\0PINKsq\0~\0\0\0\0t\0!/resources/flowers/Bellissimo.pngpt\0\nBellissimo');
/*!40000 ALTER TABLE `reports` ENABLE KEYS */;
UNLOCK TABLES;

--
-- Table structure for table `stores`
--

DROP TABLE IF EXISTS `stores`;
/*!40101 SET @saved_cs_client     = @@character_set_client */;
 SET character_set_client = utf8mb4 ;
CREATE TABLE `stores` (
  `id` int(10) unsigned NOT NULL AUTO_INCREMENT,
  `manager_id` int(10) unsigned NOT NULL,
  `name` varchar(45) DEFAULT NULL,
  `address` varchar(50) DEFAULT NULL,
  PRIMARY KEY (`id`),
  UNIQUE KEY `id_UNIQUE` (`id`),
  UNIQUE KEY `manager_id_UNIQUE` (`manager_id`),
  CONSTRAINT `manager_id` FOREIGN KEY (`manager_id`) REFERENCES `users` (`id`) ON DELETE CASCADE
) ENGINE=InnoDB AUTO_INCREMENT=4 DEFAULT CHARSET=utf8mb4 COLLATE=utf8mb4_0900_ai_ci;
/*!40101 SET character_set_client = @saved_cs_client */;

--
-- Dumping data for table `stores`
--

LOCK TABLES `stores` WRITE;
/*!40000 ALTER TABLE `stores` DISABLE KEYS */;
INSERT INTO `stores` VALUES (1,2,'Braude Store','Karmiel, Hanasi, 21'),(2,9,'Haifa Store','Haifa, Harishonim 1'),(3,10,'TLV Store','Rotchild, 18');
/*!40000 ALTER TABLE `stores` ENABLE KEYS */;
UNLOCK TABLES;

--
-- Table structure for table `survey`
--

DROP TABLE IF EXISTS `survey`;
/*!40101 SET @saved_cs_client     = @@character_set_client */;
 SET character_set_client = utf8mb4 ;
CREATE TABLE `survey` (
  `id` int(11) NOT NULL AUTO_INCREMENT,
  `description` varchar(200) DEFAULT NULL,
  `conclusions` blob,
  `pdf` blob,
  PRIMARY KEY (`id`)
) ENGINE=InnoDB AUTO_INCREMENT=6 DEFAULT CHARSET=utf8mb4 COLLATE=utf8mb4_0900_ai_ci;
/*!40101 SET character_set_client = @saved_cs_client */;

--
-- Dumping data for table `survey`
--

LOCK TABLES `survey` WRITE;
/*!40000 ALTER TABLE `survey` DISABLE KEYS */;
INSERT INTO `survey` VALUES (1,'TLV stores survey - 2022',NULL,NULL),(2,'\"Passover Sale\" survey - April 2022',NULL,NULL),(3,'Haifa store survey - 2022',NULL,NULL),(4,'All stores \"Online Purcahse Satisfaction\" survey - January 2022',NULL,NULL),(5,'All stores \"Custom Items Satisfaction\" survey - May 2022',NULL,NULL);
/*!40000 ALTER TABLE `survey` ENABLE KEYS */;
UNLOCK TABLES;

--
-- Table structure for table `users`
--

DROP TABLE IF EXISTS `users`;
/*!40101 SET @saved_cs_client     = @@character_set_client */;
 SET character_set_client = utf8mb4 ;
CREATE TABLE `users` (
  `id` int(10) unsigned NOT NULL AUTO_INCREMENT,
  `username` varchar(45) NOT NULL,
  `password` varchar(45) NOT NULL,
  `is_logged_in` tinyint(4) NOT NULL DEFAULT '0',
  `first_name` varchar(45) DEFAULT NULL,
  `last_name` varchar(45) DEFAULT NULL,
  `email` varchar(45) DEFAULT NULL,
  `telephone` varchar(45) DEFAULT NULL,
  `role` enum('CEO','STORE_MANAGER','CLIENT','CUSTOMER_SERVICE_WORKER','STORE_WORKER','COMPANY_MARKETING_WORKER','SERVICE_EXPERT','DELIVERY_MAN') NOT NULL,
  `account_id` int(11) DEFAULT NULL,
  PRIMARY KEY (`id`),
  UNIQUE KEY `id_UNIQUE` (`id`),
  UNIQUE KEY `username_UNIQUE` (`username`),
  KEY `account_id_idx` (`account_id`),
  CONSTRAINT `account_id` FOREIGN KEY (`account_id`) REFERENCES `account` (`id`)
) ENGINE=InnoDB AUTO_INCREMENT=33 DEFAULT CHARSET=utf8mb4 COLLATE=utf8mb4_0900_ai_ci;
/*!40101 SET character_set_client = @saved_cs_client */;

--
-- Dumping data for table `users`
--

LOCK TABLES `users` WRITE;
/*!40000 ALTER TABLE `users` DISABLE KEYS */;
INSERT INTO `users` VALUES (1,'client','client',0,'Omri','Gawi','zerli.g16@gmail.com','0542233111','CLIENT',1),(2,'sm','sm',0,'Ofek','Cohen','sm@gmail.com','0542233112','STORE_MANAGER',NULL),(3,'ceo','ceo',0,'Yuval','Markin','ceo@gmail.com','0542233113','CEO',NULL),(4,'csw','csw',0,'Tal','Cohen','zerli.g16@gmail.com','0542233114','CUSTOMER_SERVICE_WORKER',NULL),(5,'cmw','cmw',0,'Omri','Gawi','cmw@gmail.com','0542233115','COMPANY_MARKETING_WORKER',NULL),(6,'sw','sw',0,'Avi','Avi','sw@gmail.com','0542233116','STORE_WORKER',NULL),(7,'se','se',0,'Koral','Ben David','se@gmail.com','0542233117','SERVICE_EXPERT',NULL),(8,'dm','dm',0,'Avi','Shalom','dm@gmail.com','0542233118','DELIVERY_MAN',NULL),(9,'smhaifa','smhaifa',0,'Daniel','Yakir','smhaifa@gmail.com','0542233119','STORE_MANAGER',NULL),(10,'smtlv','smtlv',0,'Liran','Mizrahi','smtlv@gmail.com','0542233120','STORE_MANAGER',NULL),(11,'client1','client1',0,'Omer','Zulutnizky','client1@gmail.com','0542233121','CLIENT',2),(12,'client2','client2',0,'Daniel','Elmaliach','client2@gmail.com','0542233122','CLIENT',3),(13,'client3','client3',0,'Iftach','Shoham','client3@gmail.com','0542233123','CLIENT',4),(14,'client4','client4',0,'Ron','Berez','client4@gmail.com','0542233124','CLIENT',5),(15,'client5','client5',0,'Neomi','Yasmin','client5@gmail.com','0542233125','CLIENT',6),(16,'client6','client6',0,'Vered','Gold','client6@gmail.com','0542233126','CLIENT',7),(17,'client7','client7',0,'Dana','Avshalom','client7@gmail.com','0542233127','CLIENT',8),(18,'client8','client8',0,'Nurit','Danieli','client8@gmail.com','0542233128','CLIENT',9),(24,'client9','client9',0,'Amir','Levy','zerli.g16@gmail.com','0542233129','CLIENT',NULL),(25,'client10','client10',0,'May','Lotem','client10@gmail.com','0542233130','CLIENT',NULL),(26,'client11','client11',0,'Bar','Refaeli','client11@gmail.com','0542233131','CLIENT',NULL),(27,'client12','client12',0,'Eden','Ben Zaken','client12@gmail.com','0542233132','CLIENT',NULL),(28,'client13','client13',0,'Omer','Adam','client13@gmail.com','0542233133','CLIENT',NULL),(29,'client14','client14',0,'Anna','Zak','client14@gmail.com','0542233134','CLIENT',NULL),(30,'sw1','sw1',0,'Aviel','Yona','sw1@gmail.com','0542233135','STORE_WORKER',NULL),(31,'sw2','sw2',0,'Alex','Kovnetzki','sw2@gmail.com','0542233136','STORE_WORKER',NULL),(32,'csw1','csw1',0,'Naor','Barda','csw1@gmail.com','0542233137','CUSTOMER_SERVICE_WORKER',NULL);
/*!40000 ALTER TABLE `users` ENABLE KEYS */;
UNLOCK TABLES;

--
-- Table structure for table `workers_in_stores`
--

DROP TABLE IF EXISTS `workers_in_stores`;
/*!40101 SET @saved_cs_client     = @@character_set_client */;
 SET character_set_client = utf8mb4 ;
CREATE TABLE `workers_in_stores` (
  `worker_id` int(10) unsigned NOT NULL,
  `store_id` int(10) unsigned NOT NULL,
  `is_allowed_to_fill_surveys` tinyint(3) unsigned NOT NULL DEFAULT '0',
  PRIMARY KEY (`worker_id`,`store_id`),
  KEY `store_id_idx` (`store_id`),
  CONSTRAINT `store_id` FOREIGN KEY (`store_id`) REFERENCES `stores` (`id`) ON DELETE CASCADE ON UPDATE CASCADE,
  CONSTRAINT `worker_id` FOREIGN KEY (`worker_id`) REFERENCES `users` (`id`) ON DELETE CASCADE ON UPDATE CASCADE
) ENGINE=InnoDB DEFAULT CHARSET=utf8mb4 COLLATE=utf8mb4_0900_ai_ci;
/*!40101 SET character_set_client = @saved_cs_client */;

--
-- Dumping data for table `workers_in_stores`
--

LOCK TABLES `workers_in_stores` WRITE;
/*!40000 ALTER TABLE `workers_in_stores` DISABLE KEYS */;
INSERT INTO `workers_in_stores` VALUES (6,1,1),(30,1,0),(31,2,1);
/*!40000 ALTER TABLE `workers_in_stores` ENABLE KEYS */;
UNLOCK TABLES;

--
-- Dumping routines for database 'zerli'
--
/*!40103 SET TIME_ZONE=@OLD_TIME_ZONE */;

/*!40101 SET SQL_MODE=@OLD_SQL_MODE */;
/*!40014 SET FOREIGN_KEY_CHECKS=@OLD_FOREIGN_KEY_CHECKS */;
/*!40014 SET UNIQUE_CHECKS=@OLD_UNIQUE_CHECKS */;
/*!40101 SET CHARACTER_SET_CLIENT=@OLD_CHARACTER_SET_CLIENT */;
/*!40101 SET CHARACTER_SET_RESULTS=@OLD_CHARACTER_SET_RESULTS */;
/*!40101 SET COLLATION_CONNECTION=@OLD_COLLATION_CONNECTION */;
/*!40111 SET SQL_NOTES=@OLD_SQL_NOTES */;

-- Dump completed on 2022-06-28 17:07:53
